Camera;360 graden camera
Sensor;5G-antenne
Vispassage;Aalpijp
categorie;aan- of vrijliggend
juridische eenheid;aangemaakt door
NAP-relatieve eendimensionale eigenschap;aanlegdiepte
NAP-relatieve eendimensionale eigenschap;aanleghoogte
Waterstaatkundig kunstwerk;Aanleginrichting
jaartal;aanlegjaar
Functie;Aanleiden tot spelen
Functie;Aanpassen frequentie van elektrische energie
datum;aanschafdatum
InformatieObject;Aanschaf-informatie
prijs;aanschafprijs
NAP-relatieve eendimensionale eigenschap;aanslagniveau benedenstrooms
NAP-relatieve eendimensionale eigenschap;aanslagniveau bovenstrooms
Reëel object;Aansluiting
waarheidswaarde;aansluiting externe sensor
typologische eigenschap;aansluitingsrol
topografische informatie;aansluitingszijde
Holle leiding;Aansluitleiding
Functie;Aansluitleidingen aansluiten
Functie;Aansluitmogelijkheid bieden
Knooppunt;Aansluitpunt
Put;Aansluitput
Apparaat;Aansluitvoorziening
Functie;Aansturen
Functie;Aansturen van een pomp door middel van een microprocessor
categorie;aansturingsprotocol
Beregeningsput;Aansturingsput
wiskundige eigenschap;aantal
aantal;aantal connectoren
aantal;aantal deklagen
aantal;aantal fases
aantal;aantal i.e. bedrijven
aantal;aantal i.e. recreatie
aantal;aantal ingangen
aantal;aantal inkomend
aantal;aantal kanalen
aantal;aantal laadpalen
aantal;aantal lagen gording
aantal;aantal leds
aantal;aantal obstakels
aantal;aantal onderlagen
aantal;aantal overspanningen
aantal;aantal palen
aantal;aantal panelen
aantal;aantal parkeerplaatsen
aantal;aantal plaatsen
aantal;aantal planken
aantal;aantal pompen
aantal;aantal rijstroken
aantal;aantal sloten
aantal;aantal tunnelbuizen
aantal;aantal tussenlagen
aantal;aantal uitgaand
aantal;aantal uitgangen
aantal;aantal universes
aantal;aantal woningen
aantal;aantal zekeringen
aantal;aantal zijden
Functie;Aanvoer afstromend hemelwater vanaf een kolk
Functie;Aanvoer van afvalwater
Functie;Aanvoer van afvalwater vanaf een perceel
Functie;Aanvoer van grondwater
Functie;Aanvoer van hemelwater
Functie;Aanvoer van hemelwater en vuilwater
Functie;Aanvoer van vuilwater
Functie;Aanvoeren van water
Waterbeheergebied;Aanvoergebied
Functie;Aanvullende bemaling
logische eigenschap;aanwezigheid
aanwezigheid;aanwezigheid asbest
waarheidswaarde;aanwezigheid bollen
aanwezigheid;aanwezigheid teer
waarheidswaarde;aanwezigheid zekering
Functie;Aanwijzen afsluiterstand
typologische eigenschap;aard
Constructieonderdeel;Aardelektrode
Kunstwerk;Aardenbaan
Kabel;Aardingskabel
Installatie;Aardingsvoorziening
Holle leiding;Aardolieleiding
Constructieonderdeel;Aardrail
eendimensionale eigenschap;aardveld
Bouwwerk;Abri
Gemengd rioolstelsel;Absoluut rioolstelsel
Materie;AC * base
Materie;AC * bind
Materie;AC * surf
Materie;AC 11 bind
Materie;AC 11 surf
Materie;AC 16 base
Materie;AC 16 bind
Materie;AC 16 surf
Materie;AC 22 base
Materie;AC 22 bind
Materie;AC 32 base
Materie;AC 8 surf
Armatuur;Accentverlichting
Constructieonderdeel;Achtergrondschild
Weginrichtingsobject;Actieve wegmarkering
FysiekObject;Actor
InformatieObject;Adres-informatie
Veiligheidsvoorziening;AED
Gebouwcomponent;Afdak
Functie;Afdekken
Functie;Afdekken ondergrondse voorziening
Functie;Afdekken put
Functie;Afdekken van peilbuis
Constructieonderdeel;Afdekking
Afdekking;Afdekplaat
Functie;Afremmen van de stroomsnelheid van het afvalwater
Functie;Afscheiden olie/benzine
Functie;Afscheiden slib
Functie;Afscheiden van veld of terrein
Functie;Afscheiden vaste deeltjes (vuil en slib)
Functie;Afscheiden vet
Beheerzone;Afscheiding
Functie;Afschermen
Golfbaanvoorziening;Afslagmat
NAP-relatieve eendimensionale eigenschap;afslagniveau benedenstrooms
NAP-relatieve eendimensionale eigenschap;afslagniveau bovenstrooms
Functie;Afsluiten
Functie;Afsluiten in één stroomrichting
Functie;Afsluiten in twee stroomrichtingen
Functie;Afsluiten van leidingen
Constructieonderdeel;Afsluiter
Constructieonderdeel;Afsluiteraandrijving
Straatmeubilair;Afsluitpaal
Constructieonderdeel;Afsluitstuk
Kabel;Afspandraad
eendimensionale eigenschap;afstand tot beginpunt
eendimensionale eigenschap;afstand tot bovenzijde put
eendimensionale eigenschap;afstand tot eindpunt
eendimensionale eigenschap;afstand tot wegas
eendimensionale eigenschap;afstand tussen drager en maaiveld
eendimensionale eigenschap;afstand valruimte
Bord;Afstandmarkeringsbord
waarheidswaarde;afstandsbediening
Golfbaanvoorziening;Afstandsmarkering
Functie;Afstroming herstellen
Bak;Afvalbak
Afvalscheidingslocatie;Afvalbrengstation
Beheerzone;Afvalscheidingslocatie
Sensor;Afvalsensor
Systeem;Afvalwatersysteem
Functie;Afvoer naar kolkaansluitleiding
Functie;Afvoer van afvalwater naar een RWZI
Functie;Afvoer van gassen uit de riolering
Functie;Afvoer van hemelwater
factor;afvoercoëfficiënt
waarheidswaarde;afvoeren
Functie;Afvoeren hemelwater naar de ondergrond
opmerking;afvoeren instructie
Functie;Afvoeren van water
Functie;Afvoeren van water door infiltratie
InformatieObject;Afvoerend oppervlak
Greppel;Afvoerende greppel
Waterbeheergebied;Afvoergebied
Waterbeheergebied;Afwateringsgebied
Systeem;Afwateringsysteem
eendimensionale eigenschap;afwijkende dieptelegging
Apparaat;Aggregaat
Geografische ruimte;Agrarisch gebied
Apparaat;Akoestische signaalgever
tekstuele aanduiding;alternatieve naam
Materie;Aluminium
Functie;Amfibieën en zoogdieren redden
Faunavoorziening;Amfibieënfuik
Hek;Amfibieënscherm
Camera;ANPR-camera
Apparaat;Antenne
waarheidswaarde;anti-graffiti voorziening
waarheidswaarde;anti-slip
Straatmeubilair;Antivandalismevoorziening
Constructie;Apparaat
Representatie fysiek object;Apparatuuroriëntatie
Representatie fysiek object;Appendage-oriëntatie
Bord;APV-bord
waarheidswaarde;apv-verordening
Overbrugging;Aquaduct
Apparaat;Armatuur
Armatuur;Armatuur in object
Straatmeubilair;Asbak
Materie;Asbestcement
Materie;Asfalt
Materie;Asfaltgranulaatstabilisatie
Materie;Asfaltpuin
Verharding;Asfaltverharding
Sportveld;Atletiekbaan
Sportveld;Atletiekbaanonderdeel
Sportterrein;Atletiekstadion
waarheidswaarde;attentieverhogende markering
meta-informatie;attribuut
Materie;AVI- en AEC-bodemas
Materie;AVI-slakken
Speelterrein;Avontuurlijke speelplek
NAP-relatieve eendimensionale eigenschap;b.o.b. beginpunt leiding
NAP-relatieve eendimensionale eigenschap;b.o.b. eindpunt leiding
Luchtvaartruimte;Baan voor vliegverkeer
Armatuur;Baaneindelicht
InformatieObject;Baggeren-informatie
Rol;Baggerplichtige
Kunstwerk;Baggerschot
Waterbeheerzone;Baggervak
resource identifier;BAG-identificatie
Constructie;Bak
Stuw;Balgstuw
Gebouwcomponent;Balkon
Golfbaanvoorziening;Ballenautomaat
Golfbaanvoorziening;Ballenkist
Hek;Ballenvanger
Golfbaanvoorziening;Ballenwasser
Golfbaanvoorziening;Balspiraal
Weginrichtingsobject;Balustrade
Materie;Bamboe
Materie;Bamboe (Biobased)
Weginrichtingsobject;Band
Zitelement;Bank
cijfermatige aanduiding;barcode
Materie;Basalt
Materie;Basalton
Sportveld;Basketbalterrein
Functie;Be- of ontluchten
Sportveld;Beachvolleybalveld
Wegzone;Bebakeningsstrook
Geografische ruimte;Bebouwingskern
Rol;Bedienaar
Functie;Bedienen afsluiter
Functie;Bedienen van meerdere pompunits
Gebouw;Bedieningspost
categorie;bedieningssysteem
opmerking;bedieningstijden
Perceel;Bedrijfslocatie
Informatiebord;Bedrijfsnaambord
Watergang;Beek
Overkluizing;Beekriool
Put;Beerput
datum;begin garantieperiode
datum;beginGeldigheid
Vertex;Beginpunt leiding
Vertex;Beginpunt onderdeel
meetwaarde;beginstand draaiurenteller
Complex;Begraafplaats
Functie;Begrazen
DiscreetObject;Begroeiing
Reëel object;Begroeiing
opmerking;beheerafspraak
Rol;Beheerder
Beheerzone;Beheergebied
Beheerzone;Beheervak
Functionele zonering;Beheerzone
Functie;Beheren van parkeerplaatsen
Constructieonderdeel;Bekabeling
Vispassage;Bekkentrap
Beheerzone;Belangenstrook
categorie;belasting
categorie;belastingklasse DIN19580/EN1433
Waterinrichtingsobject;Bellenscherm
Functie;Beluchten leiding
Functie;Beluchten mechanische leiding
Functie;Beluchten of ventileren
Functie;Beluchten vrijverval leiding
Constructieonderdeel;Beluchter
Weginrichtingsobject;Beluchtingsrooster
Ontspanningsventiel;Beluchtingsventiel
Functie;Bemalen van hoogwater
Waterbeheergebied;Bemalingsgebied
Transportrioolleiding;Benedenstrooms eindriool
Registratieve ruimte;Benoemde plaats
Materie;Bentoniet
Put;Benzine- of olieput
interval;beoogde inhoudsklasse
duur;beoogde omloop boom (regulier)
duur;beoogde omloop boom (snelgroeiend)
categorie;beoogde opkroonhoogte
Functie;Beperken debiet
Functie;Beperken van erosie
Functie;Beperken van geluidshinder
waarheidswaarde;beperking voor soorten
Put;Beregeningsbron
Installatie;Beregeningsinstallatie
Kast;Beregeningskast
Holle leiding;Beregeningsleiding
Pomp;Beregeningspomp
Put;Beregeningsput
categorie;bereikbaarheid
categorie;bereikbaarheid gedetailleerd
InformatieObject;Bereikbaarheid-informatie
Reservoir;Bergbezinkbassin
Vrijverval rioolleiding;Bergbezinkleiding
Functie;Bergen van water
tweedimensionale eigenschap;bergend oppervlak
driedimensionale eigenschap;bergend vermogen
Reservoir;Bergingsbassin
Vrijverval rioolleiding;Bergingsleiding
Materie;Bermgras/hennep met Bio-composite (Biobased)
Herdenkingsmonument;Bermmonument
Functie;Beschaduwen
Waterbeheergebied;Beschermd gebied
waarheidswaarde;beschermde flora en fauna
categorie;beschermde flora en fauna gedetailleerd
Functie;Beschermen tegen aanrijdingen
Functie;Beschermen tegen vallen
Constructieonderdeel;Bescherming
Waterstaatkundig kunstwerk;Beschoeiing
Registratieve ruimte;Bestemmingsplangrens
Kast;Besturingskast
Straatmeubilair;Betaalautomaat
Materie;Beton
Materie;Beton met stalen kern
Materie;Betongranulaat
Materie;Betonnen segment
Waterinrichtingsobject;Betonning
Materie;Betonsteen
Materie;Betonstraatsteen
Materie;Betontegel
Verharding;Betonverharding
Materie;Betonzand
Straatmeubilair;Beugel
categorie;bevaarbaarheidklasse
Functie;Beveiligen
Camera;Beveiligingscamera
eendimensionale eigenschap;bevestigingshoogte
Overbrugging;Beweegbare brug
Sensor;Bewegingssensor
Bord;Bewegwijzeringsbord
percentage-attribuut;bewerkingspercentage
interval;bewerkingspercentageklasse bodem
interval;bewerkingspercentageklasse talud
Functie;Bewonen
waarheidswaarde;bewoond
Reservoir;Bezinkbassin
Functie;Bezinken stoffen
Holle leiding;Bierleiding
Functie;Bij calamiteit afvalwater afvoeren
Faunaverblijfplaats;Bijenhotel
Faunaverblijfplaats;Bijenkast
Faunaverblijfplaats;Bijenwand
Putdeksel;Bijzonder putdeksel
waarheidswaarde;bijzonder transport
Rioolput;Bijzondere putconstructie
Weginrichtingsobject;Bijzondere tegel
categorie;bijzonderheid groeiplaats
Pomp;Bilgepomp
Materie;Bims
eendimensionale eigenschap;binnendiameter
NAP-relatieve eendimensionale eigenschap;binnenonderkant onderdeel
Speelterrein;Binnenspeelterrein
Materie;BioBased HDPE
Materie;BioComposiet
Zuiveringsreservoir;Biofilter
InformatieObject;Biotoop-informatie
categorie;biotoopsubtype
categorie;biotooptype
Materie;Bitumen
Materie;Bitumen-houtvezel composiet
Opslagbak;Bladkorf
Constructieonderdeel;Bliksemafleider
Kabel;Bliksemafleidingskabel
Afvalbak;Blikvanger
Inlaat;Blinde inlaat
waarheidswaarde;blinde put
Materie;Blindengeleidetegel
Vegetatieobject;Bloemblok
Weginrichtingsobject;Blok
Vrijverval rioolleiding;Blusriool
Functie;Bluswater leveren
Verbindingsstuk;Bochtstuk
DiscreetObject;Bodem
Reëel object;Bodem
Kunstwerk;Bodembescherming
geografische informatie;bodemprofiel
Waterstaatkundig kunstwerk;Bodemval
Gebouw;Boerderij
Waterbeheergebied;Boezemgebied
Straatmeubilair;Bolder
Armatuur;Bolderarmatuur
categorie;bomenstructuur
InformatieObject;Bomenstructuur-informatie
Vegetatieobject;Boom
toegekende toestand;boombeleidsstatus
Straatmeubilair;Boombeschermer
categorie;boomgrootte
interval;boomhoogteklasse eindbeeld
InformatieObject;Boomkenmerk
Weginrichtingsobject;Boomkrans
interval;boomkroondiameterklasse eindbeeld
typologische eigenschap;boomkroontype
driedimensionale eigenschap;boomkroonvolume eindbeeld (BKV-stelpost)
Straatmeubilair;Boomrooster
Materie;Boomschors
Weginrichtingsobject;Boomspiegel
Straatmeubilair;Boomstam
typologische eigenschap;boomtype
categorie;boomvoorziening
InformatieObject;Boomvoorziening-informatie
Apparaat;Booster
Rioolgemaal;Boostergemaal
Constructie;Bord
categorie;bord in functie
tweedimensionale eigenschap;bordafmeting
typologische eigenschap;bordcode
Gebouwcomponent;Bordes
categorie;bordopbouw
InformatieObject;Bordopschrift
Groenobject;Bos
Groenobject;Bosplantsoen
Recreatiezone;Botanische tuin
categorie;botsklasse
waarheidswaarde;botsvriendelijk
Drainagestelsel;Bouwblokdrainage
jaartal;bouwjaar
Kunstwerk;Bouwkuip
Gebouwcomponent;Bouwlaag
Groenobject;Bouwland
Speelterrein;Bouwspeelplaats
Wegzone;Bouwweg
Constructie;Bouwwerk
Knooppunt;Bouwwerkoriëntatie
categorie;boven- of ondergronds
categorie;boven- of onderwater
Functie;Bovenstrooms waterpeil regelen
waarheidswaarde;braakliggend
InformatieObject;Brandbescherming-informatie
Installatie;Brandblusinstallatie
Veiligheidsvoorziening;Brandblusser
Detector;Branddetectiesysteem
Wegzone;Brandgang
Put;Brandkraan
Put;Brandput
Veiligheidsvoorziening;Brandslang
duur;branduren
eendimensionale eigenschap;breedte
eendimensionale eigenschap;breedte bodem
eendimensionale eigenschap;breedte toegang
eendimensionale eigenschap;breedte valruimte
eendimensionale eigenschap;breedte verhardingselement
Detector;Breedtedetectieapparaat
interval;breedteklasse haag
interval;breedteklasse watergang
Materie;Brekerzand
Materie;Brekerzand-steenslagmengsel
Straatmeubilair;Brievenbus
Stuw;Brievenbusstuw
datum;broedperiode tot
datum;broedperiode van
Faunaverblijfplaats;Broeihoop
Water;Bron
Rol;Bronhouder
Materie;Brons
Verkeerslicht;Bruglicht
Gebouw;Brugwachterskantoor
tweedimensionale eigenschap;bruto vloeroppervlak
Waterslagvoorziening;Buffertoren
Constructieonderdeel;Buisdeel
Hek;Buishek
Sportveld;Buitenfitnessterrein
Hulpobject;Buitengrens
Kast;Buitenopstellingskast
Recreatiezone;Bungalowpark
Gebouw;Bunker
Kunstwerk;Bunkerponton
OV-voorziening;Busperron
Wegzone;Bussluis
Verkeerskundige zone;Busstation
Apparaat;Buurtbatterij
Informatiebord;Buurtbord
Registratieve ruimte;Buurtgrens
Bebouwingskern;Buurtschap
Kast;CAI-kast
Verkeerskundige zone;Calamiteitendoorsteek
Sensor;Camera
Informatiebord;Campagnebord
Recreatiezone;Camping
Publiekrechtelijk rechtspersoon;Caribisch openbaar lichaam
Verkeerskundige zone;Carpoolplaats
Stuw;Cascadestuw
prijs;catalogusprijs
sociaal geconstrueerde indeling;categorie
cijfermatige aanduiding;CE-markering
Materie;Cement
Materie;Cementbeton
Materie;Cementmortel
Kast;CENT-R
Kast;Centrale verdeelkast
Kast;Centrale voedingskast
Pomp;Centrifugaalpomp
Geografische ruimte;Centrumgebied
Holle leiding;Chemicaliënleiding
Toiletvoorziening;Chemisch toilet
Golfbaanvoorziening;Chipping doel
sociaal geconstrueerde aanduiding;cijfermatige aanduiding
waarheidswaarde;CLO
Gebouw;Clubhuis
Golfbaanvoorziening;Clubwasser
Bescherming;Coating
resource identifier;code
Materie;Coil coating Aluminium
Sportveld;Combibalspelterrein
Kabel;Combikabel
Kast;Combikast
Bord;Combinatiebord
InformatieObject;Communicatie-informatie
Apparaat;Communicatiemodule
categorie;communicatieprotocol
Beheerzone;Compartiment
Knooppunt;Compartimentoriëntatie
Constructieonderdeel;Compensator
Functionele zonering;Complex
categorie;component
InformatieObject;Component-informatie
Materie;Composiet
Apparaat;Computer
Stuw;Conserveringstuw
DiscreetObject;Constructie
Reëel object;Constructie
Functie;Constructie beschermen
InformatieObject;Constructiekleur
Constructie;Constructielaag
typologische eigenschap;constructielaagsoort
Constructie;Constructieonderdeel
Representatie fysiek object;Constructieonderdeeloriëntatie
typologische eigenschap;constructietype
Apparaat;Contact
Bak;Container
Put;Containerput
snelheid;continue lozing
Armatuur;Contourverlichting
factor;contractiecoëfficiënt doorlaatprofiel
toegekende toestand;controle positie boom
frequentie;controlefrequentie
frequentie;controlefrequentie veiligheid
Apparaat;Controller
productspecificatie;conversie naar protocol
productspecificatie;conversie van protocol
cijfermatige aanduiding;conversie-id
Apparaat;Converter
Materie;Cortenstaal
Waterstaatkundig kunstwerk;Coupure
Complex;Coupurecomplex
Materie;Cradle tot cradle aluminium
Gebouw;Crematorium
optische eigenschap;CRI
Sportveld;Cricketpitch
Hek;Cricketscreen
Sportveld;Cricketveld
Sportterrein;Crossbaan
waarheidswaarde;CROW-richtlijn
Sportveld;Cruyff court
Drainagestelsel;Cunetdrainage
Gebouwcomponent;Dakkapel
tweedimensionale eigenschap;dakoppervlak hellend
tweedimensionale eigenschap;dakoppervlak vlak
tweedimensionale eigenschap;dakoppervlak vlak uitgestrekt
Waterstaatkundig kunstwerk;Dam
Sluis;Damsluis
Waterstaatkundig kunstwerk;Damwand
Faunaverblijfplaats;Dassenburcht
Kabel;Datakabel
temporele eigenschap;datum
datum;datum inschrijving monumentenregister
Meetinstrument;Debietmeter
Rol;Debiteur
Waterbeheergebied;Deelafvoergebied
Bebouwingskern;Deelkern
Constructieonderdeel;Deelliner
Complex;Deelsportcomplex
Materie;Deense tegels
Kunstwerkdeel;Dek
Afdekking;Deksel
Representatie fysiek object;Dekseloriëntatie
Vispassage;Deniltrap
Sensor;Detectielus
Sensor;Detector
Constructieonderdeel;Deur
omschrijving;deurindeling
eendimensionale eigenschap;diameter
Materie;Diamond Grade
Materie;Diamond Grade retroreflecterende folie
eendimensionale eigenschap;diepte
Detector;Dieptedetectiebalk
Recreatiezone;Dierenweide
Constructieonderdeel;Diffusiescherm
Kunstwerk;Dijkbekleding
Waterbeheerzone;Dijkkruin
Waterstaatkundig kunstwerk;Dijklichaam
Geografische ruimte;Dijknol
eendimensionale eigenschap;dikte
eendimensionale eigenschap;dikte constructie
eendimensionale eigenschap;dikte constructielaag
eendimensionale eigenschap;dikte gording
eendimensionale eigenschap;dikte palen
eendimensionale eigenschap;dikte schot
categorie;dimaansturing
waarheidswaarde;dimbaar
omschrijving;dimprofiel
ReëelObject;DiscreetObject
Straatmeubilair;Dispenser hondenpoepzakjes
Vrijverval rioolleiding;DIT-riool
Watervlakte;Dobbe
InformatieObject;Document
datum;documentdatum
resource identifier;documentlocatie
tekstuele aanduiding;documentnaam
cijfermatige aanduiding;documentnummer
tekstuele aanduiding;doelsoort
Bouwwerk;Dok
resource identifier;domein
meta-informatie;domeinwaarde
Functie;Door bemaling geregelde afvoer
Functie;Door stuwing geregelde afvoer
Constructieonderdeel;Doorlaat
tweedimensionale eigenschap;doorlaatbaarheid
NAP-relatieve eendimensionale eigenschap;doorlaatniveau
eendimensionale eigenschap;doorloophoogte
eendimensionale eigenschap;doorrijbreedte
eendimensionale eigenschap;doorrijhoogte
Functie;Doorspoelen rioolstelsel
Rioolput;Doorspoelput
Rioolput;Doorspuitput
Verkeerskundige zone;Doorsteek
eendimensionale eigenschap;doorvaartbreedte
eendimensionale eigenschap;doorvaartdiepte
eendimensionale eigenschap;doorvaarthoogte
cijfermatige aanduiding;doorvaartnummer
Functie;Doorvoeren leidingen en/of kabels
Put;Doorvoergat
Straatmeubilair;Douche
waarheidswaarde;draagkrachtig
tijdsgebonden arbeid;draagvermogen
waarheidswaarde;draaibaar
Functie;Dragen van licht verkeer
Functie;Dragen van zwaar verkeer
Holle leiding;Drain
Aansluitleiding;Drainaansluitleiding
Functie;Drainage en transport van hemel- en grondwater
Drainagestelsel;Drainage transportstelsel
Infiltratiestelsel;Drainage/infiltratie transportstelsel
Gemaal;Drainagegemaal
Put;Drainageput
Stelsel;Drainagestelsel
Materie;Drainagezand
Materie;Drainbeton
Deksel;Drainputdeksel
eendimensionale eigenschap;drempelbreedte
eendimensionale eigenschap;drempeldikte
Armatuur;Drempellicht
NAP-relatieve eendimensionale eigenschap;drempelniveau
Veiligheidsvoorziening;Drenkelingentrap
ruimtelijke eigenschap;driedimensionale eigenschap
Constructieonderdeel;Drijflaagschot
Waterinrichtingsobject;Drijflijn
Waterinrichtingsobject;Drijfraam
Vegetatieobject;Drijvend groen
Functie;Drijvend materiaal opvangen
Vegetatieobject;Drijvend park
Waterinrichtingsobject;Drijvende trap
Waterinrichtingsobject;Drijver
Stuw;Drijverstuw
Bak;Drinkbak
Waterstaatkundig kunstwerk;Drinkwaterinlaat
Straatmeubilair;Drinkwaterpunt
categorie;drukklasse
Sensor;Drukknop
Mechanische rioolleiding;Drukleiding
Meetinstrument;Drukmeter
Mechanisch rioolstelsel;Drukriolering
Pomp;Drukrioleringspomp
Vrijverval rioolleiding;DT-riool
Schuif;Dubbelkerende spindelschuif
Sportvoorziening;Dugout
Holle leiding;Duiker
Put;Duikerput
Stelsel;Duikerstelsel
Constructieonderdeel;Duikschot
Groenobject;Duin
Scheiding;Duinbescherming
Watervlakte;Duinmeer
temporele eigenschap;duur
Gemaal;DWA gemaal
Perceelaansluitleiding;DWA perceelaansluitleiding
Gemaal;DWA+HWA gemaal
Faunameubilair;Dwangvleugel
typologische eigenschap;dwars- of lengtemarkering
Tunneldeel;Dwarsbuis
Informatiepaneel;Dynamisch informatiepaneel
Functie;Dynamisch remmen van verkeerssnelheid
Informatiepaneel;Dynamische snelheidsindicator
cijfermatige aanduiding;ean-code
Materie;E-bodemas
Overbrugging;Ecoduct
waarheidswaarde;ecologisch beheer
Ecologische zone;Ecologisch perceel
Functionele zonering;Ecologische zone
Topologisch element;Edge
Faunavoorziening;Eekhoornbrug
Faunaverblijfplaats;Eendenkorf
ruimtelijke eigenschap;eendimensionale eigenschap
meta-informatie;eenheid
Holle leiding;Effluentleiding
Faunaverblijfplaats;Egelhuisje
Rol;Eigenaar
datum;einde garantieperiode
datum;eindGeldigheid
Vertex;Eindpunt leiding
Vertex;Eindpunt onderdeel
datum;eindRegistratie
opmerking;eis voorzorgsmaatregel
Kast;Elektriciteitskast
waarheidswaarde;elektrisch raster
thermodynamische eigenschap;elektrische spanning
thermodynamische eigenschap;elektrische stroom
Constructieonderdeel;Elektronisch component
Materie;Elementenbestrating
Verharding;Elementenverharding
Spoorzone;Emplacement
heeft deel;endNode
Gebouw;Energiecentrale
Rol;Energieleverancier
tweedimensionale eigenschap;energieverliescoëfficiënt
Materie;Engineer Grade retroreflecterende folie
Schuif;Enkelkerende spindelschuif
Materie;Epoxy
Materie;EPS
Materie;EPS hardschuim
Aansluitput;Erfafscheidingsput
Kast;Evenementenkast
Recreatiezone;Evenemententerrein
Speelterrein;Evenwichtsparcours
cijfermatige aanduiding;evse-id
Rol;Exploitant
Kolk;Explosievrije kolk
Overstortconstructie;Externe overstortconstructie
Overstortput;Externe overstortput
Gebouw;Fabriek
Gebouw;Fabrieksschoorsteen
Rol;Fabrikant
Functie;Faciliteren van culturele activiteiten
Functie;Faciliteren van klimmen
Functie;Faciliteren van onderwijs
Functie;Faciliteren van recreatie
Functie;Faciliteren van religieuze activiteiten
wiskundige eigenschap;factor
Faunavoorziening;Faunaduiker
Faunavoorziening;Faunagoot
Put;Fauna-inspectieput
Straatmeubilair;Faunameubilair
Faunameubilair;Faunapoort
Hek;Faunaraster
Faunavoorziening;Faunarichel
Faunavoorziening;Faunatunnel
Faunavoorziening;Fauna-uittreedplaats
Straatmeubilair;Faunaverblijfplaats
Waterstaatkundig kunstwerk;Faunavoorziening
Armatuur;Feestverlichting
typologische eigenschap;feitelijk gebruik
typologische eigenschap;feitelijk gebruik gedetailleerd
waarheidswaarde;fictief
Fietsparkeervoorziening;Fietsabri
Fietsparkeervoorziening;Fietsbeugel
Sportveld;Fietscrossbaan
Fietsparkeervoorziening;Fietsenkluis
Fietsparkeervoorziening;Fietsenrek
Fietsparkeervoorziening;Fietsenstalling
waarheidswaarde;fietsers in de voorrang
Fietsparkeervoorziening;Fietsklem
Verkeerskundige zone;Fietspad
Straatmeubilair;Fietsparkeervoorziening
Straatmeubilair;Fietspomp
Fietsparkeervoorziening;Fietssleuf
Sensor;Fietssnelheidsindicator
Fietsparkeervoorziening;Fietstrommel
Weginrichtingsobject;Fietsvlonder
Sensor;Fijnstofsensor
Informatiepaneel;Filemeldsysteem
Put;Filterput
productspecificatie;firmwareversie
Gemaal;First flush gemaal
Functie;Fixeren putdeksel
Constructieonderdeel;Flexibel zettingsstuk
Installatie;Flitspaal
waarheidswaarde;flora en fauna uitzondering
InformatieObject;Flora en fauna-informatie
categorie;flora en faunawet afwijking
Materie;Flowblock
Materie;Fluorescerend Diamond Grade retroreflecterende folie
Overbrugging;Flyover
Constructieonderdeel;Folie
Waterstaatkundig kunstwerk;Fontein
categorie;formaat
Gebouw;Fort
Materie;Fosforslakmengsel
Aansluiting;Foutaansluiting
Materie;Franse kalksteen
Materie;Franse schors
temporele eigenschap;frequentie
frequentie;frequentie baggeren
frequentie;frequentie kroosvissen
frequentie;frequentie uitspuiten
frequentie;frequentie veegboot
interval;frequentiebanden
Elektronisch component;Frequentie-omvormer
Groenobject;Fruit- of kweekbomen
Activiteit;Functie
FunctioneleEntiteit;Functie
Functionele ruimte;Functioneel gebouwobject
Functionele zonering;Functioneel ondergronds object
Functionele zonering;Functioneel rioleringsobject
Virtuele ruimte;Functionele ruimte
Functionele ruimte;Functionele zonering
Fundering;Fundatieplaat
Constructieonderdeel;Fundering
Fundering;Fundering onderheid
Fundering;Fundering onderheid op kleef
Fundering;Fundering onderheid stuit
Fundering;Fundering op staal
categorie;fysieke aansluiting
Object;FysiekObject
Materie;Gaas
Materie;Gaas met dood plantenmateriaal
Materie;Gaas met kokosmat
Materie;Gaas met kunstmatig substraat
Hek;Gaashek
Faunaverblijfplaats;Ganzennest
Gebouw;Garage
Kast;Gaskast
Holle leiding;Gasleiding
Gebouw;Gasontvangststation
Put;Gasput
Materie;Geanodiseerd aluminium
Materie;Gebakken steen
Representatie fysiek object;Gebiedsoriëntatie
Beheerzone;Geboortebos
Constructie;Gebouw
Constructie;Gebouwcomponent
categorie;gebouwencomplex
Functioneel gebouwobject;Gebouwzone
Functie;Gebruik door beroepsvaart
Functie;Gebruik door pleziervaart
categorie;gebruiksdoel
toegekende toestand;gebruikstatus
categorie;gebruiksvorm
Functionele zonering;Gebruikszone water
Kolk;Gecombineerde straat-trottoirkolk
Loze leiding;Gedammerde leiding
Herdenkingsmonument;Gedenksteen
Materie;Geëmailleerd staal
Functie;Geen functie
Rol;Gegevensbeheerder
Materie;Gehard spiegelglas
Bebouwingskern;Gehucht
Materie;Gekleurd en verduurzaamd geschredderd hout
Geleideconstructie;Geleideband
Geleideconstructie;Geleidebarrier
Weginrichtingsobject;Geleideconstructie
Hek;Geleidehek
Functie;Geleiden van de afvoer van het afvalwater
Functie;Geleiden van elektronen
Functie;Geleiden van fauna
Functie;Geleiden van treinen
Geleideconstructie;Geleiderail
Waterinrichtingsobject;Geleidewerk
Kast;Geluidskast
Scheiding;Geluidsscherm
Sensor;Geluidssensor
Bouwwerk;Gemaal
Rioolgemaal;Gemaal droge opstelling
Rioolgemaal;Gemaal natte opstelling
tijdsgebonden arbeid;gemaalcapaciteit
Complex;Gemaalcomplex
Gebouw;Gemaalgebouw
waarheidswaarde;gemakkelijk toegankelijk
Publiekrechtelijk rechtspersoon;Gemeente
Registratieve ruimte;Gemeentegrens
Weg;Gemeenteweg
Vrijverval rioolleiding;Gemengd riool
Vrijverval rioolstelsel;Gemengd rioolstelsel
Perceelaansluitleiding;Gemengde perceelaansluitleiding
meetwaarde;gemeten bodempeil
ruimtelijke eigenschap;geografische informatie
Virtuele ruimte;Geografische ruimte
geografische informatie;geometrie
InformatieObject;Geometrische representatie
FysiekObject;Geo-object
Materie;Geopolymeer
Materie;Geotextiel
jaartal;gepland vervangingsjaar
Materie;Geprofileerd markeringsmateriaal
Straatmeubilair;Gereedschapsrek
is beschreven door;geregistreerd met
Systeem;Gescheiden systeem
tweedimensionale eigenschap;gesloten verhard oppervlak hellend
tweedimensionale eigenschap;gesloten verhard oppervlak vlak
tweedimensionale eigenschap;gesloten verhard oppervlak vlak uitgestrekt
Materie;Gespoten beton
Vrijverval rioolstelsel;Gestuwd rioolstelsel
Water;Getijdengebied
Detector;Gevaarlijke stoffendetectiesysteem
Beheerzone;Gevaarlijke stoffenzone
Gebouw;Gevangenis
Spoorzone;Gevarenzone
Vegetatieobject;Gevelgroen
Vegetatieobject;Geveltuin
Materie;Gewapend aluminium
Materie;Gewapend beton
interval;gewenst sluitingspercentage
gewicht-attribuut;gewicht
gewicht-attribuut;gewicht leeg
gewicht-attribuut;gewicht vol
juridische eenheid;gewijzigd door
Materie;Gietijzer
Bak;Gistingstank
Materie;Glad staal
Materie;Glas
Materie;Glasvezel
Materie;Glasvezel versterkte kunststof
Gebouw;Glasvezelstation
Kunstwerk;Glooiing
Geometrische representatie;GM_Curve
Geometrische representatie;GM_MultiPoint
Geometrische representatie;GM_MultiSurface
Geometrische representatie;GM_Point
Geometrische representatie;GM_Surface
Kast;GMS-kast
Sensor;GMS-sensor
Sportveld;Golfbaan
Sportveld;Golfbaanonderdeel
Straatmeubilair;Golfbaanvoorziening
Kunstwerk;Golfbreker
Golfbaanvoorziening;Golfdoel
Sportterrein;Golfterrein
Open leiding;Goot
Weginrichtingsobject;Gootstrook
Watergang;Gracht
Straatmeubilair;Graf
Informatiepaneel;Grafisch informatiepaneel
Herdenkingsmonument;Grafmonument
Grafvoorziening;Grafsteen
Beheerzone;Grafvak
Beheerzone;Grafveld
Straatmeubilair;Grafvoorziening
Materie;Graniet
Materie;Graniet Bleu de Lanhelin-Frankrijk
Materie;Graniet Bleu Orient-China
Materie;Graniet Braga-Portugal
Materie;Graniet Roriz-Portugal
Materie;Granulaat
Materie;Gras- en grindtegel
Groenobject;Gras- en kruidachtigen
Golfbaanvoorziening;Grasafslaggeleider
Materie;Grasbetonsteen
Fundering;Grasfundatie
categorie;graslandfase
Materie;Gravel
Sportvoorziening;Gravelbak
Functie;Graven herbergen
Water;Greppel
Materie;Gres
Materie;Grijs gietijzer
Materie;Grind
Infiltratiereservoir;Grindkoffer
Materie;Grindtegel
Materie;Gritlaag
DiscreetObject;Groeiplaats
Reëel object;Groeiplaats
InformatieObject;Groeiplaats-bijzonderheid
categorie;groeiplaatsconstructie
InformatieObject;Groeiplaatsconstructie-informatie
categorie;groeiplaatsinrichting
categorie;groeiwijze
InformatieObject;Groenbeheer-informatie
Informatiepaneel;Groene golfsignaalgever
Begroeiing;Groenobject
categorie;groenstructuur
Apparaat;Groep
Materie;Grond
Dam;Gronddam
Stuw;Gronddamstuw
Kering;Grondkering
Geografische ruimte;Grondsoort
Armatuur;Grondspot
Fundering;Grondverbetering
Systeem;Grondwatermeetnet
Meetpunt;Grondwatermeetpunt
NAP-relatieve eendimensionale eigenschap;grondwaterniveau
categorie;grondwaterprofiel
Systeem;Grondwatersysteem
cijfermatige aanduiding;grootboeknummer
Materie;Grout
Groenobject;Haag
Edge;Haagas
Verharding;Halfverharding
Golfbaanvoorziening;Half-way house
OV-voorziening;Halte voetpad
OV-voorziening;Halte-eiland
OV-voorziening;Haltekom
Informatiebord;Haltekom informatiebord
Verkeerskundige zone;Halteplaats
Sportveld;Handbalveld
Installatie;Handhavingssysteem
Gebouw;Hangar
Materie;Hardhout
Materie;Hardsteen
productspecificatie;hardwareversie
Watervlakte;Haven
Complex;Havencomplex
Informatiebord;Havennummerbord
Weg;Havenweg
Materie;HDPE
categorie;hectometerpunt
Groenobject;Heide
Scheiding;Hek
Armatuur;Helipanlicht
Gebouwcomponent;Hellingbaan
IBA;Helofytenfilter
Functie;Hemelwater afvoeren naar ondergrond
Vrijverval rioolleiding;Hemelwaterriool
Vrijverval rioolstelsel;Hemelwaterstelsel
categorie;herbeoordeelde belastingklasse
Straatmeubilair;Herdenkingsmonument
Recreatiezone;Hertenkamp
Holle leiding;Hevel
Stuw;Hevelstuw
Materie;High Intensity Prismatic retroreflecterende folie
Functie;Hijsen
Constructieonderdeel;Hijsinrichting
Sportveld;Hockeyveld
mechanische eigenschap;hoek
meta-informatie;hoeveelheid
Golfbaanvoorziening;Holevlag
Leiding;Holle leiding
Beheerzone;Hondenbeleidsgebied
Inspectieput;Hondenhokput
Weginrichtingsobject;Hondenrooster
Speelterrein;Hondenspeelplek
Straatmeubilair;Hondenspeeltoestel
Recreatiezone;Hondenstrand
Materie;Honingraat Bio Recycling
Sportveld;Honk- en softbalveld
Sportterrein;Honkbalstadion
Sportveld;Honkbalveld
waarheidswaarde;hoofdfunctie
waarheidswaarde;hoofdgemaal
Installatie;Hoofdpost
Geografische ruimte;Hoofdweg
Materie;Hoogovenslakkenmengsel
Materie;Hoogovenslakkenzand
Voedingskabel;Hoogspanningskabel
Mast;Hoogspanningsmast
Beheerzone;Hoogspanningtrace
eendimensionale eigenschap;hoogte
eendimensionale eigenschap;hoogte bovenkant kademuur
eendimensionale eigenschap;hoogte schot
eendimensionale eigenschap;hoogte sluiskolken
eendimensionale eigenschap;hoogte t.o.v. rijbaan
eendimensionale eigenschap;hoogte valruimte
eendimensionale eigenschap;hoogte verhardingselement
eendimensionale eigenschap;hoogte waterval
Straatmeubilair;Hoogtebegrenzer
Detector;Hoogtedetectieapparaat
interval;hoogteklasse haag
interval;hoogteklasse hek
Waterinrichtingsobject;Hoogtemerk
Zitelement;Hoogzit
Vleermuispassage;Hop-over
Drainagestelsel;Horizontale drainage
Beheerzone;Hotspot
Materie;Hout
Groenobject;Houtsingel
Groenobject;Houtwal
cijfermatige aanduiding;huisnummer
Bord;Huisnummerbord
cijfermatige aanduiding;huisnummerletter
omschrijving;huisnummertoevoeging
omschrijving;huisnummerverwijzing
Geometrische representatie;Hulpobject
Kast;Hulppost
Verkeerslicht;Hulppostarmatuur
Constructieonderdeel;Hulpstuk
Knooppunt;Hulpstukoriëntatie
Gemaal;HWA gemaal
Perceelaansluitleiding;HWA perceelaansluitleiding
Mechanisch rioolstelsel;Hybride drukriolering
Installatie;Hydrant
Materie;Hydraulisch betongranulaat
Materie;Hydraulisch menggranulaat
Representatie fysiek object;Hydraulisch rioleringsmodel
Zuiveringsreservoir;IBA
IBA;IBA Klasse I
IBA;IBA Klasse II
IBA;IBA Klasse IIIa
IBA;IBA Klasse IIIb
resource identifier;identificatie
resource identifier;identificatie geovoorziening
resource identifier;identificatie telemetriesysteem
Sportveld;IJsbaan
Bouwwerk;IJskelder
Faunavoorziening;IJsvogelwand
categorie;IK-waarde
productspecificatie;imei
InformatieObject;IMKL-informatie
Materie;Immobilisaat
productspecificatie;imsi
waarheidswaarde;in onderzoek
Functie;In stand houden onderdruk
productspecificatie;inbelgegevens
waarheidswaarde;indicatie open
Bebouwingskern;Industriekern
Infiltratiereservoir;Infiltratiebassin
Goot;Infiltratiegoot
Greppel;Infiltratiegreppel
Kolk;Infiltratiekolk
Constructieonderdeel;Infiltratiekrat
Put;Infiltratieput
Reservoir;Infiltratiereservoir
Vrijverval rioolleiding;Infiltratieriool
Rioolstelsel;Infiltratiestelsel
tweedimensionale eigenschap;infiltrerend oppervlak
tijdsgebonden arbeid;infiltrerend vermogen
Bord;Informatiebord
Object;InformatieObject
Bord;Informatiepaneel
Straatmeubilair;Informatiezuil
waarheidswaarde;ingegraven
Materie;Ingestrooid tapijt
eendimensionale eigenschap;ingrijpdiepte
waarheidswaarde;inhalen toegestaan van landbouwvoertuig
driedimensionale eigenschap;inhoud
interval;inhoudsklasse
Functie;Injecteren van lucht
Vertex;Injectiepunt
Put;Injectieput
Beheerzone;Inlaag
Constructieonderdeel;Inlaat
Stuw;Inlaat- en/of aflaatstuw
Inlaat;Inlaat leiding
Kunstwerk;Inlaat oppervlaktewater
Inlaat;Inlaat rioolput
Beheerzone;Inlaatplaats
Sluis;Inlaatsluis
Functie;Inlaten van oppervlaktewater
Sluis;Innundatiesluis
typologische eigenschap;in-of-opbouw
Verkeerskundige zone;Inrit
Faunaverblijfplaats;Insectenhotel
Rioolput;Inspectieput
cijfermatige aanduiding;inspectievolgorde
Faunameubilair;Insprong
Rol;Installateur
Constructie;Installatie
datum;installatiedatum
InformatieObject;Installatie-informatie
prijs;installatiekosten
eendimensionale eigenschap;insteekbreedte
eendimensionale eigenschap;insteekhoogte
Weginrichtingsobject;Instroomvoorziening
Informatiepaneel;Intelligent waarschuwingspaneel
categorie;intelligentie
Overstortconstructie;Interne overstortconstructie
Overstortput;Interne overstortput
categorie;interne sensor
wiskundige eigenschap;interval
waarheidswaarde;invasieve soort
Armatuur;Invlieglicht
snelheid;invoer
InformatieObject;Inwinning-informatie
datum;inwinningsdatum
Rol;Inzamelaar
Functie;Inzamelen en kortstondig opslaan afvalwater
Functie;Inzamelen hemelwater en afgifte aan ondergrond
Functie;Inzameling van afvalwater
Functie;Inzameling van grondwater
Functie;Inzameling van hemelwater
Functie;Inzameling van hemelwater en vuilwater
Functie;Inzameling van vuilwater
resource identifier;IP-adres
categorie;IP-waarde
Materie;Isolatiemateriaal
jaartal;jaar herinrichting
jaartal;jaar renovatie
jaartal;jaar reparatie
temporele eigenschap;jaartal
Sportveld;Jeu de Boulesbaan
Speelterrein;Jongeren ontmoetingsplek
sociaal geconstrueerde indeling;juridische eenheid
Virtuele ruimte;Juridische ruimte
toegekende toestand;juridische status
Sensor;Kaartlezer
Sportterrein;Kaatsstadion
Sportveld;Kaatsveld
Leiding;Kabel
Armatuur;Kabelarmatuur
Kabel;Kabelbundel
Constructieonderdeel;Kabeldraagsysteem
categorie;kabelfunctie
Functioneel ondergronds object;Kabelgeul
Representatie fysiek object;Kabeloriëntatie
Constructieonderdeel;Kabelrol
Bord;Kabels- en leidingenbord
waarheidswaarde;kabelsplitspunt
Functioneel ondergronds object;Kabeltracé
categorie;kabelVerschijningsvorm
Functioneel ondergronds object;Kabelwenstracé
Wegzone;Kade
Waterstaatkundig kunstwerk;Kademuur
Materie;Kalksteen
Watergang;Kanaal
Scheiding;Kantplank
Gebouw;Kapel
Beheerzone;Karreveld
Materie;Karton
Gebouw;Kas
Materie;Kasseien
Constructie;Kast
Gebouw;Kasteel
Constructieonderdeel;Kastombouw
waarheidswaarde;kathodische bescherming
Straatmeubilair;Kathodische beschermingspaal
Gebouw;Kazerne
Muur;Keermuur
Sluis;Keersluis
Armatuur;Kegelarmatuur
Materie;Kei
Bouwwerk;Kelder
Functie;Keren van grond
Functie;Keren van schepen via zwaaiplaats
Functie;Keren van water
Functie;Keren verkeer
eendimensionale eigenschap;kerende hoogte boven waterlijn
eendimensionale eigenschap;kerende hoogte onder waterlijn
Functionele zonering;Kering
Gebouw;Kerkgebouw
Installatie;Kerkklok
Ecologische zone;Kerngebied
Fundering;Kespenfundering
Fundering;Ketelzand fundering
Constructieonderdeel;Ketting
eendimensionale eigenschap;keurdiepte
Vegetatieobject;Keverbank
jaartal;kiemjaar (boom)
Materie;Kiezelbeton
topografische informatie;kilometrering begin
topografische informatie;kilometrering eind
Speelterrein;Kinderbeweegtuin
Recreatiezone;Kinderboerderij
Gebouw;Kiosk
Kunstwerk;Kistdam
Materie;Kit
Speelterrein;Klauterparcours
Gebouw;Kleedgebouw
Materie;Klei
Materie;Kleischelpen
Stuw;Klepstuw
categorie;kleur
optische eigenschap;kleurtemperatuur
Straatmeubilair;Klimijzer
Vegetatieobject;Klimplant
Bord;Klok
Gebouw;Klokkentoren
Gebouw;Klooster
Sportveld;Klootschietbaan
Muur;Kluismuur
Constructieonderdeel;Knevelvoorziening
Stuw;Knijpstuw
tweedimensionale eigenschap;knipoppervlakte
waarheidswaarde;knipperen
Vertex;Knooppunt
Armatuur;Kofferarmatuur
Materie;Kokosvezels
Put;Kolk
Aansluiting;Kolkaansluiting
Aansluitleiding;Kolkaansluitleiding
Registratieve ruimte;Komgrens
Holle leiding;Kooldioxideleiding
Materie;Koolstof
Materie;Koper
Materie;Koperslak
Sportveld;Korfbalveld
Put;Koudebronput
Faunaverblijfplaats;Kraamverblijf
Wegzone;Kraanbaan
Waterstaatkundig kunstwerk;Krib
Rioolput;Kruisingsput
Verkeerskundige zone;Kruispunt
Verbindingsstuk;Kruisstuk
Rol;Kunstenaar
typologische eigenschap;kunstmatig
Straatmeubilair;Kunstobject
Materie;Kunststof
Materie;Kunststof HDPE
Materie;Kunststof met coating
Verharding;Kunststofverharding
Constructie;Kunstwerk
Kunstwerk;Kunstwerkdeel
Materie;Kurk
Beheerzone;Kwaliteitsniveau
Meetinstrument;Kwaliteitssensor
Materie;Kwartsiet
Rol;Kweker
Scheiding;Kwelscherm
Waterbeheergebied;Kwetsbaar gebied
Straatmeubilair;Laadbrug
Gebouwcomponent;Laadperron
Verkeerskundige zone;Laadplein
Installatie;Laadportaal
Installatie;Laadpunt
Elektriciteitskast;Laadverdeelkast
tijdsgebonden arbeid;laadvermogen
cijfermatige aanduiding;laagnummer
Voedingskabel;Laagspanningskabel
jaartal;laatste baggerjaar
jaartal;laatste peiljaar
meetwaarde;laatste stand draaiurenteller
meetwaarde;laatste stand kwh-teller
Functie;Laden en lossen
Constructieonderdeel;Lamellenafscheider
omschrijving;lampschakeling
categorie;lampvoettype
Constructieonderdeel;Lanceerpunt
Functie;Lanceren van een pig
Kunstwerkdeel;Landhoofd
Geografische ruimte;Landschappelijk gebied
waarheidswaarde;laptopaansluiting
Kast;Laskast
Functie;Laten bezinken
tweedimensionale eigenschap;lateraal afvoerend oppervlak
snelheid;lateraal debiet DWA
snelheid;lateraal debiet HWA
Infiltratiereservoir;Lavakoffer
Materie;Lavasteen
Materie;LD-staalslakmengsel
frequentie;ledigingsfrequentie
Constructieonderdeel;Ledigingsvoorziening
interval;leeftijd doelgroep
Materie;Leem
categorie;legverband
Constructie;Leiding
Functie;Leiding gescheiden laten kruisen
Functie;Leidingaansluiting verstevigen
Bouwwerk;Leidingbrug
Functie;Leidingen aansluiten
Functie;Leidingen over een object geleiden
Constructieonderdeel;Leidingomhulling
Verbinding;Leidingoriëntatie
Mechanische transportleiding;Leidingsegment
Materie;Leislag
Materie;Leisteen
eendimensionale eigenschap;lengte
eendimensionale eigenschap;lengte bijzonder transport
eendimensionale eigenschap;lengte haagvoet
eendimensionale eigenschap;lengte palen
eendimensionale eigenschap;lengte toegang
eendimensionale eigenschap;lengte val
eendimensionale eigenschap;lengte valruimte
eendimensionale eigenschap;lengte van voegen
eendimensionale eigenschap;lengte verhardingselement
interval;lengteklasse droog talud
interval;lengteklasse kunstgras
eendimensionale eigenschap;lensdiameter
interval;letterhoogteklasse ondertekst
interval;letterhoogteklasse opschrift
Straatmeubilair;Leuning
Registratie;Levensduur
Rol;Leverancier
typologische eigenschap;lichtafschermingskap
Waterinrichtingsobject;Lichtbaken
categorie;lichtbeeld
Apparaat;Lichtbron
categorie;lichtdoorlatend deel materiaal
categorie;lichtdoorlatend deel structuur
categorie;lichtdoorlatend deel vorm
Constructieonderdeel;Lichtkoker
Informatiepaneel;Lichtkrant
Kunstwerk;Lichtopstand
Sensor;Lichtsensor
Apparaat;Lichtsturing
Installatie;Lift
Registratieve ruimte;Ligplaats
Beheerzone;Ligplaatsstrook
Goot;Lijngoot
Wegmarkering;Lijnmarkering
Armatuur;Lijnverlichting
Constructieonderdeel;Lining
Materie;Linoleum
topografische informatie;locatieaanduiding
Gebouw;Lokethuisje
Gebouw;Loods
Gebouwcomponent;Loopbrug
Gebouwcomponent;Loopdek
Faunameubilair;Loopplank
Apparaat;LoRaWAN-gateway
Wegzone;Loswal
Holle leiding;Loze leiding
Put;Loze put
Functie;Lozen afvalwater
Functie;Lozen binnen het stelsel
Functie;Lozen buiten het stelsel
opmerking;lozingseisen
Aansluitpunt;Lozingspunt
Lozingspunt;Lozingspunt bodem
Lozingspunt;Lozingspunt oppervlaktewater
Rioolput;Lozingsput
Rol;Lozingsvergunninghouder
cijfermatige aanduiding;lozingsvergunningnummer
Functie;Lucht en water zuiveren
Functie;Lucht in mechanische leiding regelen
Luchtvaartruimte;Luchthaven
Weg;Luchthavenweg
eendimensionale eigenschap;luchthoogte
Apparaat;Luchtinjectie-unit
Sensor;Luchtkwaliteitssensor
Rioolgemaal;Luchtpersgemaal
Mechanische rioolleiding;Luchtpersleiding
Mechanisch rioolstelsel;Luchtpersriolering
Scheiding;Luchtscherm
Verkeerruimte;Luchtvaartruimte
Sensor;Luidspreker
Gebouwcomponent;Luifel
Afdekking;Luik
optische eigenschap;lumenstroom
Materie;M3C zand
NAP-relatieve eendimensionale eigenschap;maaiveldhoogte
Vertex;Maaiveldoriëntatie
categorie;maaiveldschematisering
resource identifier;MAC-adres
waarheidswaarde;mag beplakt worden
Materie;Mager beton
Constructieonderdeel;Mangat
Holle leiding;Mantelbuis
Rioolput;Mantoegankelijke put
categorie;markering toepassing
eendimensionale eigenschap;markeringsbreedte
Straatmeubilair;Markeringspaal
typologische eigenschap;markeringspatroon
Materie;Markeringstegels
Beheerzone;Marktstandplaats
Kast;Marktstroomkast
Materie;Marmer
Golfbaanvoorziening;Marshall-huisje
Faunaverblijfplaats;Marterhoop
Constructie;Mast
eendimensionale eigenschap;masttopdiameter
FysiekObject;Materie
categorie;materiefase
Informatiepaneel;Matrixbord
Informatiepaneel;Matrixsignaalgever
meetwaarde;maximaal bodempeil
gewicht-attribuut;maximaal gewicht voertuig
gewicht-attribuut;maximaal toelaatbaar voertuiggewicht
gewicht;maximale asbelasting
eendimensionale eigenschap;maximale breedte voertuig
capaciteit;maximale capaciteit doorlaat
eendimensionale eigenschap;maximale diepgang
eendimensionale eigenschap;maximale hoogte voertuig
eendimensionale eigenschap;maximale lengte voertuig
aantal;maximale overspanning
eendimensionale eigenschap;maximale valhoogte
meetwaarde;maximum streefpeil
categorie;maximumsnelheidsklasse
Drainagestelsel;Mechanisch drainagestelsel
Rioolstelsel;Mechanisch rioolstelsel
Doorlaat;Mechanische afsluiter
Perceelaansluiting;Mechanische perceelaansluiting
Rioolleiding;Mechanische rioolleiding
Transportleiding;Mechanische transportleiding
Watervlakte;Meer
Materie;Meercomponenten koudplast profiel
Materie;Meercomponenten koudplast type I
Materie;Meercomponenten koudplast type II
Materie;Meercomponentenverf type I
Materie;Meercomponentenverf type II
Functie;Meerdere drainageleidingen aansluiten
Waterinrichtingsobject;Meerpaal
Waterinrichtingsobject;Meerstoel
Sensor;Meetbuis
categorie;meeteenheid
frequentie;meetfrequentie
Systeem;Meetinrichting
Sensor;Meetinstrument
Vertex;Meetpunt
Stuw;Meetschot
Weginrichtingsobject;Meetspijker
Sensor;Meetstation
Stuw;Meetstuw
wiskundige eigenschap;meetwaarde
Straatmeubilair;Meldpaal
InformatieObject;Memo
opmerking;memoveld
Materie;Menggranulaat
Materie;Messing
Materie;Metaal
sociaal geconstrueerde indeling;meta-informatie
Functie;Meten (functie)
Functie;Meten capaciteit van de volumestroom
Functie;Meten grondwaterpeil
Functie;Meten hoeveelheid hemelwater
Functie;Meten kwaliteit van het afvalwater
Functie;Meten van afvalniveau
Functie;Meten van grondwaterstand
Functie;Meten van luchtkwaliteit
Functie;Meten van natuurkundige grootheid
Functie;Meten van neerslag
Functie;Meten van niveauwijziging
Functie;Meten van verkeersstromen
Functie;Meten van waterkwaliteit
Functie;Meten waterdruk
Functie;Meten waterstand
Functie;Meten, regelen, controleren en onderhouden
tekstuele aanduiding;metermodelnaam
cijfermatige aanduiding;meternummer
Verkeerskundige zone;Metrobaan
Materie;Metselwerk
Materie;Metselwerk (baksteen)
Materie;Metselwerk (bepleisterd)
Materie;Metselwerk (onbepleisterd)
Materie;Metselwerkgranulaat
Materie;Metselzand
Voedingskabel;Middenspanningskabel
Sportveld;Midgetgolfbaan
Materie;Mijnsteen
Afvalscheidingslocatie;Milieupark
Afvalscheidingslocatie;Milieuperron
Camera;Milieuzonecamera
waarheidswaarde;mindervaliden
tweedimensionale eigenschap;minimaal doorstroomoppervlak
meetwaarde;minimum streefpeil
Publiekrechtelijk rechtspersoon;Ministerie
Waterinrichtingsobject;Mistbaken
Toiletvoorziening;Mobiel openbaar toilet
Kering;Mobiele waterkering
Verkeerskundige zone;Mobiliteitshub
categorie;modaliteit
InformatieObject;Modaliteit-informatie
Informatiebord;Modderbord
tekstuele aanduiding;modelnaam
Speelterrein;Modelspoorbaan
Apparaat;Modem
Groenobject;Moeras
Verbindingsstuk;Mof
Gebouw;Molen
Goot;Molgoot
waarheidswaarde;monitoring
Meetpunt;Monsternamepunt
InformatieObject;Monument-informatie
cijfermatige aanduiding;monumentnummer
Gebouw;Moskee
Faunavoorziening;Mosselbank
tijdsgebonden arbeid;motorvermogen
Informatiebord;Mottobord
Materie;Mozaïek
Geografische ruimte;Multifunctioneel gebied
Scheiding;Muur
Gebouw;Muziektent
Materie;Naaldvilt
tekstuele aanduiding;naam
Armatuur;Naderingslicht
ruimtelijke eigenschap;NAP-relatieve eendimensionale eigenschap
Compartiment;Natte pompkelder
typologische eigenschap;natuurbos
Geografische ruimte;Natuurgebied
Materie;Natuurgras
Materie;Natuurgras/ongebonden mineraal
Functie;Natuurlijk spelen
Functie;Natuurontwikkeling
Rol;Natuurorganisatie
Speelterrein;Natuurspeeltuin
Materie;Natuursteen
Materie;Natuursteen gevlamd
Materie;Natuursteenkei
Materie;Natuursteentegel
waarheidswaarde;natuurvriendelijk
eendimensionale eigenschap;nautische diepte
geografische informatie;nauwkeurigheid xy
Registratieve ruimte;Nederlandse aansluitende zone
Registratieve ruimte;Nederlandse continentaal plat
Registratieve ruimte;Nederlandse exclusieve economische zone
Registratieve ruimte;Nederlandse territoriale zee
Verkeerslicht;Negenoog
Faunaverblijfplaats;Nestkast
Faunaverblijfplaats;Nestplaats
Rol;Netbeheerder
Topologisch element;Netwerk
Edge;NetwerkLink
Vertex;NetwerkNode
Rol;Netwerkoperator
waarheidswaarde;niet geheel sloten
NAP-relatieve eendimensionale eigenschap;niveau benedenstrooms openen
NAP-relatieve eendimensionale eigenschap;niveau benedenstrooms sluiten
NAP-relatieve eendimensionale eigenschap;niveau bovenstrooms openen
NAP-relatieve eendimensionale eigenschap;niveau bovenstrooms sluiten
NAP-relatieve eendimensionale eigenschap;niveau buitenwater
Materie;Nobre Cál
Materie;Nodulair gietijzer
Externe overstortput;Noodoverstortput
Uitlaatconstructie;Nooduitlaat
cijfermatige aanduiding;nummer
cijfermatige aanduiding;nummer opening
Registratieve ruimte;Nummeraanduiding
cijfermatige aanduiding;nummeraanduidingreeks
Installatie;Nutsaansluiting
Materie;Nylon kous
datum;objectBeginTijd
datum;objectEindTijd
Weginrichtingsobject;Obstakelbeveiliger
waarheidswaarde;obstakels
Sportveld;Oefenmuur
Verkeerslicht;Oeverlicht
Waterbeheerzone;Oeverzone
Faunavoorziening;Oeverzwaluwwand
Constructieonderdeel;Olie-/benzineafscheider
Aansluitput;Olie-/benzineafvangput
Materie;Olivijn
Functie;Omgeven van deksel of kolk
categorie;omgevingsrisicoklasse veiligheid
sociaal geconstrueerde aanduiding;omschrijving
eendimensionale eigenschap;omtrek
tweedimensionale eigenschap;omtreklocatie
eendimensionale eigenschap;omvang valruimte
Functie;Onbekende functie
DiscreetObject;Onbepaald terrein
Reëel object;Onbepaald terrein
Vrijverval rioolstelsel;Onderbemaling
Waterbeheergebied;Onderbemalingsgebied
Verbinding;Onderdeeloriëntatie
Ondertunneling;Onderdoorgang
categorie;ondergroei
Straatmeubilair;Ondergrondse laadoplossing
InformatieObject;Onderhoud-informatie
frequentie;onderhoudsfrequentie
Rol;Onderhoudsplichtige
categorie;onderhoudsregime
Verkeerslicht;Onderlicht
tekstuele aanduiding;onderstam
Functie;Ondersteunen via de ondergrond
omschrijving;ondertekst
Kunstwerk;Ondertunneling
Functie;Onderwijzen
Materie;Ongebonden mineraal op kunststof
Materie;Ongebonden mineraal op kunststof, gebonden onderbouw
categorie;ontgravingsmethode
Put;Ontlastput
Constructieonderdeel;Ontlastvloer
Functie;Ontluchten mechanische leiding
Functie;Ontluchten van een leiding
Functie;Ontluchten van riolering
Constructieonderdeel;Ontluchter
Holle leiding;Ontluchtingsleiding
Constructieonderdeel;Ontluchtingsunit
Ontspanningsventiel;Ontluchtingsventiel
Constructieonderdeel;Ontspanningsventiel
Aansluitput;Ontstoppingsput
Constructieonderdeel;Ontstoppingsstuk
Put;Onttrekkingsput
meetwaarde;ontwerp bodempeil
tijdsgebonden arbeid;ontwerpcapaciteit
Rol;Ontwerper
categorie;ontwerpsnelheidsklasse
Verharding;Onverhard
tweedimensionale eigenschap;onverhard oppervlak hellend
tweedimensionale eigenschap;onverhard oppervlak vlak
tweedimensionale eigenschap;onverhard oppervlak vlak uitgestrekt
Veiligheidsvoorziening;Oogdouche
Faunaverblijfplaats;Ooievaarsnest
Herdenkingsmonument;Oorlogsmonument
waarheidswaarde;op talud
Rol;Opdrachtgever
Rol;Opdrachtnemer
Reservoir;Open berging
Bouwwerk;Open bouwwerk
Leiding;Open leiding
Open bouwwerk;Open loods
Tunneldeel;Open tunnelbak
tweedimensionale eigenschap;open verhard oppervlak hellend
tweedimensionale eigenschap;open verhard oppervlak vlak
tweedimensionale eigenschap;open verhard oppervlak vlak uitgestrekt
Hemelwaterstelsel;Openbaar hemelwaterstelsel
Drainagestelsel;Openbaar ontwateringsstelsel
Toiletvoorziening;Openbaar toilet
Vuilwaterstelsel;Openbaar vuilwaterstelsel
Registratieve ruimte;Openbare ruimtegrens
waarheidswaarde;openbare weg
Doorlaat;Opening in wand
InformatieObject;Opening kunstwerk
Bouwwerk;Openluchtzwembad
Constructieonderdeel;Ophangconstructie
Materie;Ophoogzand
Beheerzone;Opkuilhoek
Straatmeubilair;Oplaadpaal
Functie;Opladen en parkeren
datum;opleverdatum
InformatieObject;Oplever-informatie
sociaal geconstrueerde aanduiding;opmerking
tweedimensionale eigenschap;oppervlakte
tweedimensionale eigenschap;oppervlakte bodem
tweedimensionale eigenschap;oppervlakte bovenkant kademuur
tweedimensionale eigenschap;oppervlakte bovenwatertalud
tweedimensionale eigenschap;oppervlakte haagvoet
tweedimensionale eigenschap;oppervlakte insteek
tweedimensionale eigenschap;oppervlakte onderwatertalud
categorie;oppervlaktebehandeling
Water;Oppervlaktewater
Gemaal;Oppervlaktewatergemaal
Systeem;Oppervlaktewatersysteem
omschrijving;opschrift
Functie;Opslaan van materialen
Functie;Opslag van oppervlaktewater
Bak;Opslagbak
Straatmeubilair;Opslagcontainer
Bak;Opslagtank
Functie;Opsluiten van verharding
Beheerzone;Opstelplaats
cijfermatige aanduiding;optiekcode
typologische eigenschap;optieksoort
mechanische eigenschap;optische eigenschap
Functie;Opvang en afvoer hemelwater
Functie;Opvang hemelwater
Functie;Opvang van afstromend hemelwater
capaciteit;opvangcapaciteit
Functie;Opvangen axiale beweging
Functie;Opvangen horizontale verschuiving
Functie;Opvangen vuil
Put;Opvangput
Beheerzone;Opvangzone
Rioolgemaal;Opvoergemaal
Functie;Opwoelen en verzamelen van bezinksel
eendimensionale eigenschap;opzetdiameter
Constructieonderdeel;Opzetstuk
hoek;oriëntatie
hoek;oriëntatierichting
categorie;originele belastingklasse
Functie;Overbruggen groot niveauverschil
Kunstwerk;Overbrugging
Verbindingsstuk;Overgangsstuk
Publiekrechtelijk rechtspersoon;Overige overheidsorganisatie
Open bouwwerk;Overkapping
Overbrugging;Overkluizing
Stuw;Overlaat
Aansluitpunt;Overnamepunt
Armatuur;Overrunrandlicht
waarheidswaarde;overspanningsbeveiliging
Straatmeubilair;Overstap
Functie;Overstijgen van hoogteverschil
Constructieonderdeel;Overstortbemaling
Constructieonderdeel;Overstortconstructie
Wand;Overstortdrempel
Functie;Overstortgebeurtenis registreren
Vrijverval rioolleiding;Overstortleiding
Meetinstrument;Overstortmeter
Rioolput;Overstortput
Functie;Overtollig afvalwater laten wegstromen
Functie;Overtollig hemelwater infiltratievoorziening afvoeren
Spoorzone;Overweg
Kast;OVL-kast
Verkeerskundige zone;OV-voorziening
Paalconstructie;Paal
Constructie;Paalconstructie
Fundering;Paalfundering
Fundering;Paaljukfundering
Armatuur;Paaltoparmatuur
Sportveld;Paardenkraal
Faunaverblijfplaats;Paarverblijf
Straatmeubilair;Paddenstoel
Sportveld;Padeltennisbaan
Straatmeubilair;Pakketautomaat
Hek;Palen met draad
Hek;Palen met planken
Speelterrein;Palenwoud
Hek;Palissade
Kunstwerkdeel;Paneel
Sportveld;Pannaveld
Vrijverval rioolleiding;Parallelriool
Recreatiezone;Park
Straatmeubilair;Parkeerautomaat
Sensor;Parkeerbeheersensor
Parkeermeubilair;Parkeerbeugel
Gebouwcomponent;Parkeerdek
Open bouwwerk;Parkeergarage
Straatmeubilair;Parkeermeubilair
Informatiepaneel;Parkeerroute-informatiesysteem
Wegzone;Parkeerterrein
Verkeerskundige zone;Parkeervak
Informatiepaneel;Parkeerverwijssysteem
Functie;Parkeren
Weg;Particuliere weg
Meetinstrument;Peilbuis
Deksel;Peilbuisdeksel
Waterbeheergebied;Peilgebied
meetwaarde;peilsprong
Beheerzone;Peilvak
Holle leiding;Pendelstuk
Registratieve ruimte;Perceel
Aansluiting;Perceelaansluiting
Aansluitleiding;Perceelaansluitleiding
Aansluitpunt;Perceelaansluitpunt
Functie;Perceelaansluitpunt met inlaat verbinden
percentage-attribuut;percentage
percentage-attribuut;percentage loofbos
wiskundige eigenschap;percentage-attribuut
Straatmeubilair;Pergola
Materie;Permanente markering type II
Gebouwcomponent;Perron
Mechanische transportleiding;Persleiding
Transportstelsel;Persleidingstelsel
Pomp;Persluchtpomp
Straatmeubilair;Picknicktafel
Verkeerslicht;Pictogramarmatuur
Installatie;Pigging-installatie
Informatiepaneel;Pijlbak
Kunstwerkdeel;Pijler
Beheerzone;Pingoruïne
Constructieonderdeel;Plaat
Materie;Plaatijzer
datum;plaatsingsdatum
tekstuele aanduiding;plaatsnaam
topografische informatie;plaatsoriëntatie
Armatuur;Plafondarmatuur
Waterinrichtingsobject;Plankier
Straatmeubilair;Plantaarn
Groenobject;Planten
Bak;Plantenbak
Ecologische zone;Plantensoortlocatie
Watervlakte;Plas
Vegetatieobject;Plasberm
Armatuur;Platformlicht
Elektronisch component;PLC
Kast;PLC-kast
Wegzone;Plein
Materie;Plexiglas
Zitelement;Poef
Watervlakte;Poel
Fundering;Poerenfundering
Waterbeheergebied;Poldergebied
Straatmeubilair;Poller
Verkeerslicht;Poller regellicht
Materie;Polyester
Materie;Polyesterbeton
Materie;Polyetheen
Materie;Polymeerbeton
Materie;Polypropyleen
Materie;Polystyreen
Fundering;Polystyreen fundering
Materie;Polyurethaan
Installatie;Pomp
tijdsgebonden arbeid;pompcapaciteit
Informatiebord;Pompinformatiebord
Kast;Pompkast
Rioolput;Pompput
categorie;pompschakeling
Rioolput;Pompunit
Waterstaatkundig kunstwerk;Ponton
Materie;Porfier
Materie;Porfier Albiano-Italië
snelheid;porositeit
Paalconstructie;Portaal
omschrijving;positie deur
cijfermatige aanduiding;postcode
Registratieve ruimte;Postcodegebied
Kabel;Potentiaalkabel
Materie;PP vezels
sociaal geconstrueerde aanduiding;prijs
waarheidswaarde;primaire aansluiting
categorie;primaire kleur
Actor;Privaatrechtelijk rechtspersoon
Drainagestelsel;Privédrainage
jaartal;productiejaar
Put;Productieput
sociaal geconstrueerde indeling;productspecificatie
Hulpobject;Profiel leiding
geografische informatie;profiel open leiding
Hulpobject;Profiellijn
Geografische ruimte;Project
toegekende toestand;projectstatus
categorie;protocol naar communicatiemodule
categorie;protocol naar lichtsturing
productspecificatie;protocolversie
Weg;Provinciale weg
Publiekrechtelijk rechtspersoon;Provincie
Registratieve ruimte;Provinciegrens
percentage-attribuut;pr-percentage
Actor;Publiekrechtelijk rechtspersoon
Materie;Puingranulaat
Straatmeubilair;Punaise
Constructie;Put
Rioolput;Putbuis
Deksel;Putdeksel
Putdeksel;Putdeksel - licht verkeer
Putdeksel;Putdeksel - zwaar verkeer
Putdeksel;Putdeksel met instroomvoorziening
NAP-relatieve eendimensionale eigenschap;putdekselniveau
Knooppunt;Putoriëntatie
Compartiment;Putschacht
Materie;PVC
Kunstwerkdeel;Pyloon
cijfermatige aanduiding;quaycode
Straatmeubilair;Raaipaal
Sensor;Radar
Detector;Radardetector
Mast;Radarmast
Beheerzone;Rak
Straatmeubilair;Rattenval
Registratieve ruimte;Rayon
waarheidswaarde;reclame
Bord;Reclamebord
Perceel;Recreatiebedrijf
Functie;Recreatief gebruik
Functie;Recreatief vissen in oppervlaktewater
Geografische ruimte;Recreatiegebied
Gebouw;Recreatiegebouw
Bebouwingskern;Recreatiekern
Functionele zonering;Recreatiezone
waarheidswaarde;recyclebaar
Veiligheidsvoorziening;Reddingsboei
Veiligheidsvoorziening;Reddingshaak
Veiligheidsvoorziening;Reddingslijn
Beheerzone;Reducering
Functie;Reducering van omgevingseffecten
Geo-object;Reëel object
ReëelObject;Reëel object
TechnischeEntiteit;Reëel object
FysiekObject;ReëelObject
opmerking;referentie zwaarste voertuig
Sensor;Referentiemicrofoon
Materie;Reflecterende wegenverf type I
waarheidswaarde;reflectie
categorie;reflectieklasse
Materie;Refurbished aluminium
optische eigenschap;regelbaar spectrum
Functie;Regelen van het debiet om de bergingscapaciteit van het bovenstroomse rioolstelsel te benutten
Functie;Regeling van de afvoer van het afvalwater
Systeem;Regelinrichting
categorie;regelprogramma
Meetinstrument;Regenmeter
Infiltratiereservoir;Regenwatertuin
InformatieObject;Registratie
Virtuele ruimte;Registratieve ruimte
Functie;Registreren van weggebruikers
Functie;Reinigen afvalwater
Inspectieput;Reinigende put
frequentie;reinigingsfrequentie
Informatiepaneel;Reistijdinformatiesysteem
geografische informatie;relatieve hoogteligging
Geografische ruimte;Reliëfzone
Functie;Remmen van verkeerssnelheid met fysieke middelen
Functie;Remmen van verkeerssnelheid met optische middelen
Waterinrichtingsobject;Remmingswerk
waarheidswaarde;remplace
datum;remplacedatum
categorie;remplacegroep
Constructieonderdeel;Reparatie
Topologisch element;Representatie fysiek object
Bouwwerk;Reservoir
sociaal geconstrueerde aanduiding;resource identifier
duur;retentiewaarde
resource identifier;rfid
categorie;richtingen
cijfermatige aanduiding;richtingnummer
Groenobject;Rietland
Fundering;Rietmatten
Verkeerskundige zone;Rijbaan
Registratieve ruimte;Rijk
Weg;Rijksweg
categorie;rijrichting
Verkeerslicht;Rijstrooklicht
Weginrichtingsobject;Rijstrookscheiding
Materie;Rijstvlies (Biobased)
Rol;Rioleringsbeheerder
Waterbeheergebied;Rioleringsgebied
Constructieonderdeel;Rioolafsluiter
Drainagestelsel;Riooldrainage
Rioolgemaal;Riooleindgemaal
Gemaal;Rioolgemaal
Holle leiding;Rioolleiding
Stedelijk waterleiding;Rioolleiding
Functie;Rioolleidingen aansluiten
Put;Rioolput
Rioolput;Rioolput met geleiding
Stelsel;Rioolstelsel
Representatie fysiek object;Rioolstreng
Leiding;Rioolwaterzuiveringsleiding
Waterbeheergebied;Risicogebied
Watergang;Rivier
Armatuur;Rolbaanlicht
Bak;Rolcontainer
waarheidswaarde;rolstoelgebruik
Installatie;Roltrap
Gebouw;Roltrapgebouw
waarheidswaarde;rood licht bewaking
Materie;Rood zand (overig)
Materie;Rood zand (Provision)
Materie;Rood zand (Smashcourt)
Materie;Roodzand kunstgras
Materie;Roodzand kunstgras, gebonden onderbouw
Faunameubilair;Roofvogelpaal
Straatmeubilair;Rookpaal
Afdekking;Rooster
Lijngoot;Roostergoot
Functie;Rotatie omzetten naar translatie
Bord;Rotatiepaneel
Verkeerslicht;Rotondedoseerlicht
InformatieObject;Route-informatie
cijfermatige aanduiding;routenummer
Straatmeubilair;Routepaal
Apparaat;Router
Straatmeubilair;Rozenboog
Systeem;RTC-sturing
Materie;Rubber
Materie;Rubber grastegel
Materie;Rubbertegel
Sportveld;Rugbyveld
Constructie;Ruimte
FysiekObject;RuimtelijkGebied
Verkeerskundige zone;Ruiterpad
Materie;RVS
Kolk;RWS kolk
Waterbeheergebied;RWSR gebied
Bouwwerk;RWZI
Publiekrechtelijk rechtspersoon;Samenwerkingsorganisatie
Materie;Sandwich
Straatmeubilair;Schaak- en damtafel
Straatmeubilair;Schaaktafel
Waterbeheergebied;Schaarstegebied
Functie;Schaatsen op oppervlaktewater
Beheerzone;Schakelgebied
Geleideconstructie;Schampkant
Muur;Schanskorf
Bord;Scheepvaartbord
Verkeerruimte;Scheepvaartruimte
Verkeerslicht;Scheepvaartsein
Functie;Scheiden van percelen
Functie;Scheiden van terrein
Functie;Scheiden van verkeersstromen
Constructie;Scheiding
Beheerzone;Schietterrein
Armatuur;Schijnwerper
Wand;Schildmuur
Sportvoorziening;Schoenborstel
Beheerzone;Schoolplein
Speelterrein;Schoolspeelplaats
Complex;Schoolterrein
Straatmeubilair;Schoolzonepaal
Sportvoorziening;Schoonloopmat
Sportvoorziening;Schoonlooprooster
Waterstaatkundig kunstwerk;Schot
Stuw;Schotbalkstuw
waarheidswaarde;schouwen
Verkeerskundige zone;Schouwpad
categorie;schouwwijze
Materie;Schraal beton
Hek;Schrikdraad
Pomp;Schroefcentrifugaalpomp
Constructieonderdeel;Schroefpaal
Pomp;Schroefpomp
Mechanische afsluiter;Schuif
Stuw;Schuifstuw
Golfbaanvoorziening;Schuilhut
Materie;Schuimbeton
Materie;Schuimbitumenstabilisatie
Kunstwerkdeel;Schutkolk
eendimensionale eigenschap;schutlengte
Sluis;Schutsluis
Hek;Schutting
Gebouw;Schuur
Parkeermeubilair;Scootmobielberging
Informatiepaneel;Scorebord
categorie;SDR-waarde
Materie;Sealwise PVC
Stuw;Segmentstuw
Verkeerslicht;Seinlicht
waarheidswaarde;seizoensgebonden
Materie;Semi-waterkunstgras
Materie;Semi-zandkunstgras
Constructie;Sensor
Apparaat;Sensormodule
IBA;Septictank
cijfermatige aanduiding;serienummer
Hek;Sierhek
Muur;Siermuur
Holle leiding;Sifon
Verkeerslicht;Signaallamp
Materie;Silex
cijfermatige aanduiding;simkaartnummer
Installatie;Singelfontein
Sensor;Sirene
Speelterrein;Skatepark
Speelterrein;Skelter- en rodelbaan
Straatmeubilair;Slagboominstallatie
Hek;Slagplanken
meetwaarde;slagwaterpeil
Stankafsluiter;Slangsifon
cijfermatige aanduiding;sleutelnummer
snelheid;slibaanwas
Slibvanger;Slibafscheider
Constructieonderdeel;Slibvanger
Put;Slokop
Kunstwerkdeel;Sloof
Fundering;Sloofconstructie
Watergang;Sloot
Constructieonderdeel;Slot
Waterstaatkundig kunstwerk;Sluis
InformatieObject;Sluis doorvaart
Complex;Sluiscomplex
Kunstwerkdeel;Sluisdeur
Gebouw;Sluiswachterskantoor
Materie;SMA*
Materie;SMA-NL 11A
Materie;SMA-NL 11B
Materie;SMA-NL 5
Materie;SMA-NL 8A
Materie;SMA-NL 8G+
Materie;Smashcourt
Informatiepaneel;Smileybord
mechanische eigenschap;snelheid
Verkeerskundige zone;Snellaadstation
Sportveld;Softbalveld
InformatieObject;Software
productspecificatie;softwarelocatie
tekstuele aanduiding;softwarenaam
productspecificatie;softwareversie
Weginrichtingsobject;Sokkel
Vegetatieobject;Solitaire plant
categorie;soort plantenbak
categorie;soort voeg
tekstuele aanduiding;soortnaam
InformatieObject;Soortnaam-informatie
Watervlakte;Spaarbekken
Kabel;Spandraad
interval;spanningsbereik primair
interval;spanningsbereik secundair
typologische eigenschap;specifiek beheertype
categorie;specifiek boomkenmerk
Recreatiezone;Speelheuvel
Speelterrein;Speelkuil
Recreatiezone;Speelterrein
Straatmeubilair;Speeltoestel
Rol;Speeltuinvereniging
Materie;Speelzand
Hek;Spijlenhek
Afsluiteraandrijving;Spindel
Apparaat;Splitter
Gemaal;Spoelgemaal
Mechanische afsluiter;Spoelklep
Mechanische transportleiding;Spoelleiding
Constructieonderdeel;Spoelvoorziening
Edge;Spooras
Spoorzone;Spoorbaan
Spoorzone;Spoorberm
Waterstaatkundig kunstwerk;Spoorlijn
Verkeerruimte;Spoorverkeerruimte
Spoorverkeerruimte;Spoorwegknoop
Functionele zonering;Spoorzone
Informatiebord;Sport- en spelbord
Drainagestelsel;Sport- en speldrainage
Hek;Sportboarding
Sportterrein;Sportcentrum
InformatieObject;Sport-informatie
Sportveld;Sportkooi
Recreatiezone;Sportterrein
Straatmeubilair;Sporttoestel
Recreatiezone;Sportveld
Straatmeubilair;Sportvoorziening
Installatie;Sproeikop
Constructieonderdeel;Spuikraan
Holle leiding;Spuileiding
Sluis;Spuisluis
Hek;Staafmathek
Materie;Staal
Materie;Staal gegalvaniseerd
Materie;Staal gepoedercoat
Materie;Staalslakmix
eendimensionale eigenschap;stabiliteitskluitdiameter eindbeeld
Bebouwingskern;Stadsdeelgrens
Informatiepaneel;Stadsplattegrond
Gebouw;Stadspodium
Gebouw;Stadspoort
Functioneel ondergronds object;Stadsverwarming
Holle leiding;Stadsverwarmingsleiding
Gebouw;Stal
categorie;standaard afsluiterstand
Constructieonderdeel;Standmeter
Aansluitleiding;Standpijp
Registratieve ruimte;Standplaats
Constructieonderdeel;Stankafsluiter
Constructieonderdeel;Stankfilter
Stankafsluiter;Stankscherm
Straatmeubilair;Stapsteen
Armatuur;Startbaanlicht
jaartal;startjaar
heeft deel;startNode
Zitelement;Stasteun
Installatie;Stationaire batterij
gewicht;statisch moment
toegekende toestand;status
Waterbeheergebied;Stedelijk gebied
Holle leiding;Stedelijk waterleiding
categorie;stedelijkheid buurt
Informatiebord;Stedenbandbord
Materie;Steen
Materie;Steenpuin
Materie;Steenslag
Constructieonderdeel;Steenwolblok
Infiltratiereservoir;Steenwolkoffer
Waterstaatkundig kunstwerk;Steiger
Materie;Stelconplaat
Constructieonderdeel;Stellaag
Reëel object;Stelsel
Geleideconstructie;Stepbarrier
Rol;Stichting
categorie;stijl opschrift
Geografische ruimte;Stiltegebied
Faunavoorziening;Stobbenwal
Materie;Stol
cijfermatige aanduiding;stopcode stroomgroep
cijfermatige aanduiding;stopplacecode
Straatmeubilair;Stormanker
Mast;Straalzender
Hulpobject;Straatbelijning
Kolk;Straatkolk
Constructie;Straatmeubilair
tekstuele aanduiding;straatnaam
Bord;Straatnaambord
Deksel;Straatpot
Materie;Straatzand
Recreatiezone;Strand
Straatmeubilair;Strandoriëntatiepaal
Straatmeubilair;Strandpaal
eendimensionale eigenschap;streefdiepte
meetwaarde;streefpeil
Geografische ruimte;Streek
Waterstaatkundig kunstwerk;Strekdam
Weginrichtingsobject;Strip
Functie;Stromingsenergie verlagen
categorie;stromingsrichting
Beheerzone;Strooiveld
Verkeerskundige zone;Strook
Wegzone;Strookvak
interval;stroombereik primair
interval;stroombereik secundair
elektrische stroom;stroomsterkte
Herdenkingsmonument;Struikelsteen
Groenobject;Struiken
Fietsparkeervoorziening;Stuurdraagsysteem
Waterstaatkundig kunstwerk;Stuw
Uitlaatconstructie;Stuwbak
Complex;Stuwcomplex
Constructieonderdeel;Stuwconstructie
Waterbeheergebied;Stuwgebied
Mechanische afsluiter;Stuwklep
Wand;Stuwmuur
Rioolput;Stuwput
Vrijverval rioolleiding;Stuwrioolleiding
Functie;Surveillance
Gebouw;SV-station
Golfbaanvoorziening;Swinghulp
Apparaat;Switch
categorie;symbool
Wegmarkering;Symboolmarkering
Gebouw;Synagoge
Reëel object;Systeem
tijdsgebonden arbeid;systeemvermogen
Straatmeubilair;Tafel
Faunaverblijfplaats;Takkenhoop
Faunaverblijfplaats;Takkenril
Kunstwerk;Taludbekleding
Goot;Taludgoot
categorie;taludsteilte
eendimensionale eigenschap;taludsteilte bovenwatertalud
eendimensionale eigenschap;taludsteilte onderwatertalud
Vrijverval rioolleiding;Tandemriool
Verkeerskundige zone;Tankstation
Materie;Tapijt
Golfbaanvoorziening;Tassteun
eendimensionale eigenschap;te sloten breedte
eendimensionale eigenschap;te sloten lengte
tweedimensionale eigenschap;te sloten oppervlakte
duur;technische levensduur
Golfbaanvoorziening;Teemarker
Materie;Tegel
Materie;Tegel keramiek
Functie;Tegengaan van parkeren
Functie;Tegengaan van verblinding
omschrijving;tekst
Wegmarkering;Tekstmarkering
sociaal geconstrueerde aanduiding;tekstuele aanduiding
resource identifier;telecomadres
Kast;Telecomkast
Straatmeubilair;Telefooncel
Kast;Telkast
Installatie;Telpaal
Gebouw;Tempel
Sportveld;Tennisbaan
Sportveld;Tenniskooi
Materie;Ternair zand
Beheerzone;Terras
Speelterrein;Terrein speeltuinvereniging
Rioolstelsel;Terreinriolering
Faunameubilair;Terugkeerluik
waarheidswaarde;terugmelding
omschrijving;terugmelding specificatie
Mechanische afsluiter;Terugslagklep
Holle leiding;Thermische pijpleiding
Materie;Thermoplastisch materiaal profiel
Materie;Thermoplastisch materiaal type I
Materie;Thermoplastisch materiaal type II
Materie;Thermoplastisch materiaal verspuitbaar type I
waarheidswaarde;tijdelijk
Functie;Tijdelijk opslaan van afvalwater
Functie;Tijdelijke berging van afvalwater
Functie;Tijdelijke berging van hemelwater
Functie;Tijdelijke berging van hemelwater en vuilwater
Functie;Tijdelijke berging van vuilwater
Functie;Tijdelijke opslag afvalwater perceel
Registratie;TijdlijnGeldigheid
Registratie;TijdlijnRegistratie
mechanische eigenschap;tijdsgebonden arbeid
datum;tijdstipRegistratie
Sluis;Tijsluis
hoek;tilthoek
Groenobject;Tiny forest
Functie;Toegang belemmeren
Functie;Toegang geven tot aansluitleiding
Functie;Toegang geven tot een leiding
Functie;Toegang geven tot het rioolstelsel
Functie;Toegang geven tot zinker
Functie;Toegang geven voor doorspoelen
Functie;Toegang verschaffen
Installatie;Toegangshekinstallatie
Verkeerskundige zone;Toegangspad
Hek;Toegangspoort
categorie;toegangssoort
Gebouwcomponent;Toegangstrap
categorie;toegankelijk
Functie;Toegankelijk houden
sociaal geconstrueerde indeling;toegekende toestand
opmerking;toelichting
opmerking;toelichting bijzonder transport
opmerking;toelichting doorvaart
opmerking;toelichting gemengde bestrating
opmerking;toelichting opening
Installatie;Toeritdoseerinstallatie
Verkeerslicht;Toeritdoseringslicht
categorie;toestelgroep
typologische eigenschap;toesteltype
Straatmeubilair;Toiletvoorziening
Verkeerskundige zone;Tolplaats
ruimtelijke eigenschap;topografische informatie
Geometrische representatie;Topologisch element
Materie;TPE
Ecologische zone;Tracé
Gebouw;Trafo
Wegzone;Trailerhelling
Verkeerskundige zone;Trambaan
OV-voorziening;Tramheuvel
Verkeerskundige zone;Transferium
resource identifier;transponder
omschrijving;transponderlocatie
Functie;Transport van afvalwater
Functie;Transport van afvalwater onder een obstakel door
Functie;Transport van grondwater
Functie;Transport van hemelwater
Functie;Transport van hemelwater en vuilwater
Functie;Transport van oppervlaktewater
Functie;Transport van overstortend afvalwater
Functie;Transport van spoelwater
Functie;Transport van vuilwater
Functie;Transporteert vooral
Holle leiding;Transportleiding
Stedelijk waterleiding;Transportleiding
Vrijverval transportleiding;Transportrioolleiding
Functionele ruimte;Transportruimte
Stelsel;Transportstelsel
Systeem;Transportsysteem
Gebouwcomponent;Trap
Sportveld;Trapveld
Put;Trekput
Open bouwwerk;Tribune
Sportveld;Trimbaan
Stuw;Trommelstuw
Kolk;Trottoirkolk
Verbindingsstuk;T-stuk
Verbindingsstuk;Tubelure
Materie;Tufsteen
Ondertunneling;Tunnel
Tunneldeel;Tunnelbak
Tunneldeel;Tunnelbuis
Kunstwerk;Tunneldeel
Tunneldeel;Tunnelgang
Rioolgemaal;Tunnelgemaal
Verkeerskundige zone;Tunnelsegment
Verkeerskundige zone;Tunneltracé
Installatie;Tunnelventilatie
Tunneldeel;Tunnelwand
Gemaal;Tussengemaal
Vegetatieobject;Tuunwal
Mast;TV-toren
ruimtelijke eigenschap;tweedimensionale eigenschap
typologische eigenschap;type afscherming
typologische eigenschap;type afsluiting
typologische eigenschap;type afval
typologische eigenschap;type afwerking
typologische eigenschap;type bediening
typologische eigenschap;type beplanting
typologische eigenschap;type besturing
typologische eigenschap;type bevestiging
typologische eigenschap;type bewerking
typologische eigenschap;type bovenkant kademuur
typologische eigenschap;type brandbescherming
typologische eigenschap;type collectie
typologische eigenschap;type communicatie
typologische eigenschap;type conservering
typologische eigenschap;type constructie
typologische eigenschap;type document
typologische eigenschap;type funderingscostructie
typologische eigenschap;type geothermie
typologische eigenschap;type hoofdschakelaar
typologische eigenschap;type laadinfrastructuur
typologische eigenschap;type laadpunt
typologische eigenschap;type leiding
typologische eigenschap;type lining
typologische eigenschap;type magneetschakelaar
typologische eigenschap;type monument
typologische eigenschap;type monument gedetailleerd
typologische eigenschap;type overspanningsbeveiliging
typologische eigenschap;type reparatie
typologische eigenschap;type rijstrook
typologische eigenschap;type route
typologische eigenschap;type schakeling
typologische eigenschap;type schakelsysteem
typologische eigenschap;type slot
typologische eigenschap;type spoor
typologische eigenschap;type sport
typologische eigenschap;type toegang
typologische eigenschap;type uitvoering
typologische eigenschap;type vaarwater
typologische eigenschap;type verankering
typologische eigenschap;type verf
typologische eigenschap;type vervuiling
typologische eigenschap;type waaier
typologische eigenschap;type wand
typologische eigenschap;type waterbodem
typologische eigenschap;type watergang
typologische eigenschap;type waterkerende constructie
typologische eigenschap;type zekering
cijfermatige aanduiding;typenummer
Waterbeheerzone;Uiterwaard
Constructieonderdeel;Uithouder
categorie;uithouderconstructie
Recreatiezone;Uitkijkpunt
Open bouwwerk;Uitkijktoren
Faunavoorziening;Uitklimvoorziening
Representatie fysiek object;Uitlaat
Aansluitpunt;Uitlaat (punt)
Waterstaatkundig kunstwerk;Uitlaatconstructie
Loze leiding;Uitlegger
waarheidswaarde;uitneembaar
waarheidswaarde;uitritconstructie
Functie;Uitstroom van afvalwater naar oppervlaktewater
Uitlaatconstructie;Uitstroombak
Weginrichtingsobject;Uitstroomband
NAP-relatieve eendimensionale eigenschap;uitstroomniveau
Weginrichtingsobject;Uitstroomvoorziening
Rol;Uitvoerende organisatie
jaartal;uitvoeringsjaar
Sluis;Uitwateringssluis
Materie;Ultimate sign
Rol;Universiteit
Toiletvoorziening;Urilift
Toiletvoorziening;Urinoir
Straatmeubilair;Urnengraf
Grafvoorziening;Urnenmuur
Grafvoorziening;Urnennis
Functioneel ondergronds object;Utiliteitsnet
Constructieonderdeel;Utility duct
waarheidswaarde;uv-bestendig
Gebruikszone water;Vaarweg
Gebruikszone water;Vaarwegzone
Mechanische rioolleiding;Vacuümleiding
Put;Vacuümopslagtank
Rioolgemaal;Vacuümpompstation
Mechanisch rioolstelsel;Vacuümriolering
waarheidswaarde;valbescherming
Holle leiding;Valleiding
Rioolput;Valput
InformatieObject;Valruimte-informatie
Materie;Valzand
Functie;Van stroom voorzien
Sportvoorziening;Vangkooi
Installatie;Vangmast
Overbrugging;Vaste brug
Fietsparkeervoorziening;Vastzetvoorziening
Weginrichtingsobject;Veerooster
Gebruikszone water;Veerverbinding
waarheidswaarde;vegen
Vegetatieobject;Vegetatiedak
Begroeiing;Vegetatieobject
Informatiebord;Veiligheidsinstructiebord
Kabel;Veiligheidskabel
categorie;veiligheidsklasse
Registratieve ruimte;Veiligheidsregio
Constructieonderdeel;Veiligheidsrooster
Straatmeubilair;Veiligheidsvoorziening
Hek;Veldafscheiding
Hulpobject;Veldbelijning
Armatuur;Veldverlichting
Mast;Veldverlichtingmast
Watervlakte;Ven
Gebouw;Ventilatiegebouw
Constructieonderdeel;Verankering
Veiligheidsvoorziening;Verbandtrommel
Gemengd rioolstelsel;Verbeterd gemengd rioolstelsel
Systeem;Verbeterd gescheiden systeem
Hemelwaterstelsel;Verbeterd hemelwaterstelsel
Externe overstortput;Verbeterde overstortput
Functie;Verbeteren van koeling
Functie;Verbeteren van luchtkwaliteit
Functie;Verbeteren van vochthuishouding
Functie;Verbinden aansluitleiding met rioolput of rioolleiding
Functie;Verbinden van drie leidingen
Functie;Verbinden van leidingen
Functie;Verbinden van leidingen in een hoek
Functie;Verbinden van leidingen met verschillend materiaal of verbindingstype
Functie;Verbinden van leidingen met verschillende diameter
Functie;Verbinden van twee leidingen
Functie;Verbinden van vier leidingen
Edge;Verbinding
Functie;Verbinding tussen oppervlaktewater
Constructieonderdeel;Verbindingsstuk
typologische eigenschap;verbindingstype
Ecologische zone;Verbindingszone
Functioneel gebouwobject;Verblijfsobject
Weginrichtingsobject;Verblindingswering
Functie;Verdedigen van oever
waarheidswaarde;verdekte put
waarheidswaarde;verdiepte put
eendimensionale eigenschap;vereiste vrije doorgang (boom)
waarheidswaarde;verend
tweedimensionale eigenschap;verfoppervlakte
Functie;Verfraaien
Constructie;Verharding
Functie;Verhinderen dat opdrijvend materiaal afstroomt
Goot;Verholen goot
waarheidswaarde;verhoogd risico
waarheidswaarde;verhoogde ligging
Transportruimte;Verkeerruimte
Verkeerskundige zone;Verkeersaansluiting
Bord;Verkeersbord
Gebouw;Verkeerscentrale
Wegzone;Verkeersdrempel
Wegzone;Verkeerseiland
Verkeerskundige zone;Verkeersknooppunt
Functionele zonering;Verkeerskundige zone
Verkeerslicht;Verkeerslantaarn
Installatie;Verkeerslicht
Wegzone;Verkeersplateau
Complex;Verkeersregelinstallatie
topografische informatie;verkeersrichting
Bord;Verkeersspiegel
Sensor;Verkeersteller
Speelterrein;Verkeerstuin
Verkeerskundige zone;Verkeerszone
Functie;Verlichten
Functie;Verlichten ter verfraaiing
Functie;Verlichten van een fietspad
Functie;Verlichten van een hoofdweg
Functie;Verlichten van een industriegebied
Functie;Verlichten van een wijkontsluitingsweg
Functie;Verlichten van een winkelgebied
Functie;Verlichten van een woonwijk
Functie;Verlichten voor oriëntatie
Verbindingsstuk;Verloopstuk
categorie;vermeerderingsvorm (boom)
Functie;Vermindering waterslageffect
tijdsgebonden arbeid;vermogen
waarheidswaarde;verplaatsbaar
Functie;Verplaatsen van water
Functie;Verpompen van afvalwater
Functie;Verpompen van water
Functie;Verpompt grondwater
Functie;Verpompt oppervlaktewater
Functie;Verpompt spoelwater
Functie;Verpompt tunnelwater
sociaal geconstrueerde indeling;verschijningsvorm
typologische eigenschap;verschijningsvorm
cijfermatige aanduiding;versie
Registratie;Versie
Topologisch element;Vertex
Drainagestelsel;Vertikale drainage
datum;vervangingsdatum
prijs;vervangingswaarde
Functie;Verversen
jaartal;verwacht baggerjaar
typologische eigenschap;verwachte type reiniging
Functie;Verwijderen fosfaat
Functie;Verwijderen opgedreven delen
Functie;Verwijderen stikstof
Functie;Verwijderen van water 
Functie;Verwijderen vervuiling
Functie;Verwijderen zwevende stoffen
Drainagestelsel;Verzameldrainage
Beheerzone;Verzamelplaats
Drainageput;Verzamelput
Straatmeubilair;Verzinkbare piramide
Verkeerskundige zone;Verzorgingsplaats
Constructieonderdeel;Vetafscheider
Aansluitput;Vetvangput
Materie;Vezelcement
Overbrugging;Viaduct
Gebouwcomponent;Videconstructie
waarheidswaarde;vigerend
Watervlakte;Vijver
Rioolgemaal;Vijzelgemaal
Pomp;Vijzelpomp
FunctioneleEntiteit;Virtuele ruimte
Geo-object;Virtuele ruimte
RuimtelijkGebied;Virtuele ruimte
Vispassage;Vislift
Faunaverblijfplaats;Visoverwinteringsplek
Faunaverblijfplaats;Vispaaiplaats
Faunavoorziening;Vispassage
Gebruikszone water;Visserijzone
Vispassage;Vissluis
Vispassage;Vistrap
Straatmeubilair;Vitrinekast
Straatmeubilair;Vlaggenmast
Straatmeubilair;Vlaggenmastput
Wegmarkering;Vlakmarkering
Faunaverblijfplaats;Vleermuiskelder
Faunavoorziening;Vleermuispassage
Vleermuispassage;Vleermuisportaal
Mechanische afsluiter;Vlinderklep
Recreatiezone;Vlindertuin
Waterstaatkundig kunstwerk;Vlonder
Deur;Vluchtdeur
Sensor;Vochtmeter
Bouwwerk;Voedersilo
Kabel;Voedingskabel
categorie;voeg
categorie;voegmateriaal
Weginrichtingsobject;Voegovergang
Materie;Voegsteen
categorie;voegvulling
Materie;Voegzand
Gebouw;Voertuigenstalling
Sportveld;Voetbalkooi
Sportterrein;Voetbalstadion
Sportveld;Voetbalveld
categorie;voetconstructie
Verkeerslicht;Voetgangerslicht
Verkeerskundige zone;Voetpad
Beheerzone;Vogeleiland
Faunameubilair;Vogelhut
Faunameubilair;Vogelkijktoren
Faunameubilair;Vogelscherm
Faunaverblijfplaats;Vogeltil
Gedammerde leiding;Volgeschuimde leiding
Loze put;Volgeschuimde put
Gedammerde leiding;Volgezande leiding
Faunaverblijfplaats;Volière
Recreatiezone;Volkstuin
Functie;Volledig keren van water
Sportveld;Volleybalveld
elektrische spanning;voltage
driedimensionale eigenschap;volume
Waterstaatkundig kunstwerk;Voorde
Materie;Voorgespannen Beton
Functie;Voorkomen dat stromen elkaar raken
Functie;Voorkomen stank
Functie;Voorkomen van explosie
Waterinrichtingsobject;Vooroeververdediging
Apparaat;Voorschakelapparaat
Functie;Voortgeleiding van energie
Functie;Voortgeleiding van materie
Functie;Voortgeleiding van signaal
categorie;voorziening aanplant
categorie;voorziening groeiplaats
Straatmeubilair;Voorzieningenpaal
categorie;vorm
eendimensionale eigenschap;vrije overstorthoogte
Straatmeubilair;Vrije plakplaats
eendimensionale eigenschap;vrije ruimte minimale hoogte links
eendimensionale eigenschap;vrije ruimte minimale hoogte rechts
categorie;vrije takval (RAW)
eendimensionale eigenschap;vrije valhoogte
Drainagestelsel;Vrijverval drainagestelsel
Vrijverval drainagestelsel;Vrijverval leidingsegment
Rioolleiding;Vrijverval rioolleiding
Rioolstelsel;Vrijverval rioolstelsel
Transportleiding;Vrijverval transportleiding
Transportstelsel;Vrijverval transportstelsel
Kast;VRI-kast
Complex;VRI-netwerk
Waterstaatkundig kunstwerk;Vuilvang
Constructieonderdeel;Vuilvangrooster
Installatie;Vuilwaterinnamestation
Vrijverval rioolleiding;Vuilwaterriool
Vrijverval rioolstelsel;Vuilwaterstelsel
categorie;vulmateriaal kunstgras
Installatie;Vulpunt
Beheerzone;Vuurplek
Gebouw;Vuurtoren
omschrijving;waarde
logische eigenschap;waarheidswaarde
Verkeerslicht;Waarschuwingslicht
Waterinrichtingsobject;Wachtplaatsvoorziening
Installatie;Wachttijdvoorspeller
Infiltratiereservoir;Wadi
Muur;Walmuur
Elektriciteitskast;Walstroomkast
Constructieonderdeel;Wand
Constructieonderdeel;Wandarm
Armatuur;Wandarmatuur
eendimensionale eigenschap;wanddikte
Verkeerskundige zone;Wandelpad
eendimensionale eigenschap;wandruwheid
eendimensionale eigenschap;wandruwheid binnenboven
eendimensionale eigenschap;wandruwheid binnenonder
Functioneel ondergronds object;Warmte- en koudeopslag
Installatie;Warmtebron
Put;Warmtebronput
Camera;Warmtecamera
Installatie;Warmtepomp
Sensor;Warmtesensor
Stelsel;Warmtewinningsnet
Installatie;Warmtewisselaar
waarheidswaarde;WAS
Reëel object;Water
Watervlakte;Water onder duiker
Functie;Water spuiten
Waterbeheerzone;Waterbeheergebied
Functionele zonering;Waterbeheerzone
Waterbeheergebied;Waterbergingsgebied
driedimensionale eigenschap;waterbuffer
typologische eigenschap;waterbufferend
Kunstwerk;Waterbushalte
Functie;Waterdicht maken
categorie;waterdoorlatendheid
Straatmeubilair;Waterelement
Oppervlaktewater;Watergang
InformatieObject;Watergangbeheer-informatie
eendimensionale eigenschap;watergangdiepte
InformatieObject;Watergang-dimensionering
Constructie;Waterinrichtingsobject
Kast;Waterkast
Kering;Waterkering
Sportvoorziening;Waterkoeler
Materie;Waterkunstgras
Sensor;Waterkwaliteitssensor
Holle leiding;Waterleiding
Put;Waterleidingput
NetwerkLink;WaterLink
Edge;Waterloopas
Put;Watermeterput
Kunstwerk;Waternetponton
Functie;Waterniveau in stelsel regelen
Meetinstrument;Waterniveaumeter
NetwerkNode;WaterNode
meetwaarde;waterpeil winter
meetwaarde;waterpeil zomer
InformatieObject;Waterpeil-informatie
Reservoir;Waterplein
Publiekrechtelijk rechtspersoon;Waterschap
Registratieve ruimte;Waterschapgrens
Weg;Waterschapsweg
Constructieonderdeel;Waterslagvoorziening
Speelterrein;Waterspeeltuin
Gebruikszone water;Watersportzone
Kunstwerk;Waterstaatkundig kunstwerk
Kunstwerk;Watertaxisteiger
Gebouw;Watertoren
Waterstaatkundig kunstwerk;Watertrap
Waterstaatkundig kunstwerk;Waterval
Transportruimte;Waterverplaatsingsruimte
Oppervlaktewater;Watervlakte
InformatieObject;Watervlaktebeheer-informatie
Geografische ruimte;Waterweg
Waterbeheergebied;Waterwingebied
Sensor;Weegpunt
Sensor;Weerstation
Holle leiding;Weesleiding
Wegzone;Weg
Edge;Wegas
Wegzone;Wegberm
categorie;wegcategorie duurzaam veilig
categorie;wegcategorie duurzaam veilig gedetailleerd
Constructie;Wegconstructie
Weginrichtingsobject;Wegdekreflector
Wegzone;Wegennet
topografische informatie;wegindeling
Constructie;Weginrichtingsobject
Wegverkeerruimte;Wegknoop
NetwerkLink;WegLink
Constructie;Wegmarkering
Wegzone;Wegment
NetwerkNode;WegNode
categorie;wegtype
Wegzone;Wegvak
topografische informatie;wegvak tot
topografische informatie;wegvak van
Verkeerruimte;Wegverkeerruimte
Functionele zonering;Wegzone
Functie;Weren van fauna
Functie;Weren van fietsers
Functie;Weren van honden
Functie;Weren van vee
Functie;Weren van verkeer
Functie;Weren van wild
Beheerzone;Werf
Muur;Werfmuur
eendimensionale eigenschap;werkbreedte
tweedimensionale eigenschap;werkelijke oppervlakte
Geografische ruimte;Werkgebied
Verkeerskundige zone;Werkpad
Externe overstortput;Werveloverstortput
Rioolput;Wervelput
Doorlaat;Wervelventiel
Beheerzone;Wervengebied
categorie;WIBON-thema
Watervlakte;Wiel
Sportveld;Wielrenbaan
Sensor;Wifi-antenne
Sensor;Wifi-sensor
Registratieve ruimte;Wijkgrens
categorie;wijze van inwinnen
categorie;wijze van stellen
Camera;Wildcamera
Weginrichtingsobject;Wildrooster
Sensor;Wildsignalering
Faunameubilair;Wildspiegel
Materie;Wilgentenen
Waterslagvoorziening;Windketel
Sensor;Windmeter
Bouwwerk;Windmolen
Groenobject;Windsingel
Bouwwerk;Windturbine
Sensor;Windwaarschuwingssysteem
Straatmeubilair;Windzak
Geografische ruimte;Winkelgebied
Dijklichaam;Winterdijk
Faunaverblijfplaats;Winterverblijf
Rol;Woningcorporatie
Perceel;Woninglocatie
Registratieve ruimte;Woonbootlocatie
Geografische ruimte;Woongebied
Bebouwingskern;Woonkern
Registratieve ruimte;Woonplaatsgrens
Gebouw;Woonwagen
Registratieve ruimte;Woonwagenlocatie
waarheidswaarde;worteldoek
Waterinrichtingsobject;Wrijfgording
geografische informatie;x-coördinaat
geografische informatie;y-coördinaat
Verbindingsstuk;Y-stuk
Constructieonderdeel;Zadel
Constructieonderdeel;Zakbaak
Materie;Zand
Materie;Zand voor kunstgras
Materie;Zandasfalt
Materie;Zandcement
Materie;Zandgrindasfalt
Golfbaanvoorziening;Zandhouder
Opslagbak;Zandkist
Infiltratiereservoir;Zandkoffer
Materie;Zandkunstgras
Materie;Zandkunstgras soft
Materie;Zandkunstgras, gebonden onderbouw
Materie;Zandkunstgras, ongebonden onderbouw
Materie;Zandkunstgras, soft
Speelterrein;Zandspeelplaats
Materie;Zandsteen
Materie;Zandsteen Gres-België
Aansluitput;Zandvangput
Groenobject;Zandvlakte
Watervlakte;Zee
Straatmeubilair;Zeecontainer
Mast;Zendmast
categorie;zettingsgevoeligheid
waarheidswaarde;zichtbaar
Beheerzone;Zichthoek
Sensor;Zichtmeter
topografische informatie;zijde
Materie;Zilverzand
Vrijverval rioolleiding;Zinker
Rioolput;Zinkerput
Straatmeubilair;Zitelement
Functie;Zitgelegenheid faciliteren
Zitelement;Zitmuur
Zitelement;Zitrand
Zitelement;Zitsteen
Materie;ZOAB 11
Materie;ZOAB 16
Materie;ZOAB 22
Materie;ZOAB PA*
Dijklichaam;Zomerdijk
Functie;Zonder toestandswijziging
Constructieonderdeel;Zonk
Installatie;Zonnepaneel
Opslagbak;Zoutbak
categorie;zoutgehalte
Holle leiding;Zoutwaterleiding
Pomp;Zuigerpomp
Functie;Zuiveren afvalwater
Waterbeheergebied;Zuiveringseenheid
Reservoir;Zuiveringsreservoir
waarheidswaarde;zuurgraad
Paalconstructie;Zweepmast
Functie;Zwemmen in oppervlaktewater
Weginrichtingsobject;Zwerfkei
Gebouwcomponent;Zwevende uitbouw