KlassenindelingID	KlasseParent	KlasseChild	Wijzigingsdatum
8	598	597	Fri Apr 01 2022 00:00:00 GMT+0000 (Coordinated Universal Time)
10	597	351	Fri Apr 01 2022 00:00:00 GMT+0000 (Coordinated Universal Time)
11	351	303	Fri Apr 01 2022 00:00:00 GMT+0000 (Coordinated Universal Time)
12	351	577	Fri Apr 01 2022 00:00:00 GMT+0000 (Coordinated Universal Time)
13	351	636	Fri Apr 01 2022 00:00:00 GMT+0000 (Coordinated Universal Time)
14	351	385	Fri Apr 01 2022 00:00:00 GMT+0000 (Coordinated Universal Time)
15	597	596	Fri Apr 01 2022 00:00:00 GMT+0000 (Coordinated Universal Time)
16	596	577	Fri Apr 01 2022 00:00:00 GMT+0000 (Coordinated Universal Time)
18	596	385	Fri Apr 01 2022 00:00:00 GMT+0000 (Coordinated Universal Time)
19	598	594	Fri Apr 01 2022 00:00:00 GMT+0000 (Coordinated Universal Time)
20	579	351	Fri Apr 01 2022 00:00:00 GMT+0000 (Coordinated Universal Time)
21	594	352	Fri Apr 01 2022 00:00:00 GMT+0000 (Coordinated Universal Time)
22	595	352	Fri Apr 01 2022 00:00:00 GMT+0000 (Coordinated Universal Time)
23	352	346	Fri Apr 01 2022 00:00:00 GMT+0000 (Coordinated Universal Time)
24	352	340	Fri Apr 01 2022 00:00:00 GMT+0000 (Coordinated Universal Time)
25	352	419	Fri Apr 01 2022 00:00:00 GMT+0000 (Coordinated Universal Time)
26	352	592	Fri Apr 01 2022 00:00:00 GMT+0000 (Coordinated Universal Time)
27	340	590	Fri Apr 01 2022 00:00:00 GMT+0000 (Coordinated Universal Time)
28	590	589	Fri Apr 01 2022 00:00:00 GMT+0000 (Coordinated Universal Time)
29	2089	588	Fri Apr 01 2022 00:00:00 GMT+0000 (Coordinated Universal Time)
30	2089	587	Fri Apr 01 2022 00:00:00 GMT+0000 (Coordinated Universal Time)
31	2089	586	Fri Apr 01 2022 00:00:00 GMT+0000 (Coordinated Universal Time)
32	340	604	Fri Apr 01 2022 00:00:00 GMT+0000 (Coordinated Universal Time)
33	604	603	Fri Apr 01 2022 00:00:00 GMT+0000 (Coordinated Universal Time)
34	604	602	Fri Apr 01 2022 00:00:00 GMT+0000 (Coordinated Universal Time)
35	604	601	Fri Apr 01 2022 00:00:00 GMT+0000 (Coordinated Universal Time)
37	604	599	Fri Apr 01 2022 00:00:00 GMT+0000 (Coordinated Universal Time)
38	577	101	Fri Apr 01 2022 00:00:00 GMT+0000 (Coordinated Universal Time)
39	577	348	Fri Apr 01 2022 00:00:00 GMT+0000 (Coordinated Universal Time)
40	385	342	Fri Apr 01 2022 00:00:00 GMT+0000 (Coordinated Universal Time)
41	342	375	Fri Apr 01 2022 00:00:00 GMT+0000 (Coordinated Universal Time)
42	342	583	Fri Apr 01 2022 00:00:00 GMT+0000 (Coordinated Universal Time)
43	342	582	Fri Apr 01 2022 00:00:00 GMT+0000 (Coordinated Universal Time)
44	342	581	Fri Apr 01 2022 00:00:00 GMT+0000 (Coordinated Universal Time)
45	342	605	Fri Apr 01 2022 00:00:00 GMT+0000 (Coordinated Universal Time)
46	385	343	Fri Apr 01 2022 00:00:00 GMT+0000 (Coordinated Universal Time)
47	385	273	Fri Apr 01 2022 00:00:00 GMT+0000 (Coordinated Universal Time)
49	385	335	Fri Apr 01 2022 00:00:00 GMT+0000 (Coordinated Universal Time)
50	385	337	Fri Apr 01 2022 00:00:00 GMT+0000 (Coordinated Universal Time)
51	385	606	Fri Apr 01 2022 00:00:00 GMT+0000 (Coordinated Universal Time)
53	385	608	Fri Apr 01 2022 00:00:00 GMT+0000 (Coordinated Universal Time)
54	385	578	Fri Apr 01 2022 00:00:00 GMT+0000 (Coordinated Universal Time)
55	385	530	Fri Apr 01 2022 00:00:00 GMT+0000 (Coordinated Universal Time)
56	385	609	Fri Apr 01 2022 00:00:00 GMT+0000 (Coordinated Universal Time)
57	385	338	Fri Apr 01 2022 00:00:00 GMT+0000 (Coordinated Universal Time)
58	385	610	Fri Apr 01 2022 00:00:00 GMT+0000 (Coordinated Universal Time)
59	385	345	Fri Apr 01 2022 00:00:00 GMT+0000 (Coordinated Universal Time)
60	385	347	Fri Apr 01 2022 00:00:00 GMT+0000 (Coordinated Universal Time)
61	385	344	Fri Apr 01 2022 00:00:00 GMT+0000 (Coordinated Universal Time)
62	385	349	Fri Apr 01 2022 00:00:00 GMT+0000 (Coordinated Universal Time)
63	385	350	Fri Apr 01 2022 00:00:00 GMT+0000 (Coordinated Universal Time)
64	385	531	Fri Apr 01 2022 00:00:00 GMT+0000 (Coordinated Universal Time)
65	578	542	Fri Apr 01 2022 00:00:00 GMT+0000 (Coordinated Universal Time)
66	582	1	Fri Apr 01 2022 00:00:00 GMT+0000 (Coordinated Universal Time)
67	603	2	Fri Apr 01 2022 00:00:00 GMT+0000 (Coordinated Universal Time)
68	634	3	Fri Apr 01 2022 00:00:00 GMT+0000 (Coordinated Universal Time)
69	345	4	Fri Apr 01 2022 00:00:00 GMT+0000 (Coordinated Universal Time)
70	2072	5	Fri Apr 01 2022 00:00:00 GMT+0000 (Coordinated Universal Time)
71	634	6	Fri Apr 01 2022 00:00:00 GMT+0000 (Coordinated Universal Time)
72	344	7	Fri Apr 01 2022 00:00:00 GMT+0000 (Coordinated Universal Time)
73	531	8	Fri Apr 01 2022 00:00:00 GMT+0000 (Coordinated Universal Time)
74	531	466	Fri Apr 01 2022 00:00:00 GMT+0000 (Coordinated Universal Time)
75	608	398	Fri Apr 01 2022 00:00:00 GMT+0000 (Coordinated Universal Time)
76	531	467	Fri Apr 01 2022 00:00:00 GMT+0000 (Coordinated Universal Time)
77	344	9	Fri Apr 01 2022 00:00:00 GMT+0000 (Coordinated Universal Time)
78	531	468	Fri Apr 01 2022 00:00:00 GMT+0000 (Coordinated Universal Time)
79	335	10	Fri Apr 01 2022 00:00:00 GMT+0000 (Coordinated Universal Time)
80	419	11	Fri Apr 01 2022 00:00:00 GMT+0000 (Coordinated Universal Time)
81	344	12	Fri Apr 01 2022 00:00:00 GMT+0000 (Coordinated Universal Time)
82	337	13	Fri Apr 01 2022 00:00:00 GMT+0000 (Coordinated Universal Time)
83	375	14	Fri Apr 01 2022 00:00:00 GMT+0000 (Coordinated Universal Time)
84	2072	15	Fri Apr 01 2022 00:00:00 GMT+0000 (Coordinated Universal Time)
85	344	16	Fri Apr 01 2022 00:00:00 GMT+0000 (Coordinated Universal Time)
86	273	537	Fri Apr 01 2022 00:00:00 GMT+0000 (Coordinated Universal Time)
87	350	17	Fri Apr 01 2022 00:00:00 GMT+0000 (Coordinated Universal Time)
88	350	18	Fri Apr 01 2022 00:00:00 GMT+0000 (Coordinated Universal Time)
89	345	19	Fri Apr 01 2022 00:00:00 GMT+0000 (Coordinated Universal Time)
90	618	20	Fri Apr 01 2022 00:00:00 GMT+0000 (Coordinated Universal Time)
91	628	21	Fri Apr 01 2022 00:00:00 GMT+0000 (Coordinated Universal Time)
92	628	22	Fri Apr 01 2022 00:00:00 GMT+0000 (Coordinated Universal Time)
93	531	469	Fri Apr 01 2022 00:00:00 GMT+0000 (Coordinated Universal Time)
94	345	23	Fri Apr 01 2022 00:00:00 GMT+0000 (Coordinated Universal Time)
95	603	24	Fri Apr 01 2022 00:00:00 GMT+0000 (Coordinated Universal Time)
96	608	25	Fri Apr 01 2022 00:00:00 GMT+0000 (Coordinated Universal Time)
97	530	450	Fri Apr 01 2022 00:00:00 GMT+0000 (Coordinated Universal Time)
98	634	26	Fri Apr 01 2022 00:00:00 GMT+0000 (Coordinated Universal Time)
99	345	27	Fri Apr 01 2022 00:00:00 GMT+0000 (Coordinated Universal Time)
100	338	443	Fri Apr 01 2022 00:00:00 GMT+0000 (Coordinated Universal Time)
101	338	444	Fri Apr 01 2022 00:00:00 GMT+0000 (Coordinated Universal Time)
102	582	28	Fri Apr 01 2022 00:00:00 GMT+0000 (Coordinated Universal Time)
103	344	29	Fri Apr 01 2022 00:00:00 GMT+0000 (Coordinated Universal Time)
104	349	30	Fri Apr 01 2022 00:00:00 GMT+0000 (Coordinated Universal Time)
105	273	536	Fri Apr 01 2022 00:00:00 GMT+0000 (Coordinated Universal Time)
106	344	31	Fri Apr 01 2022 00:00:00 GMT+0000 (Coordinated Universal Time)
107	375	417	Fri Apr 01 2022 00:00:00 GMT+0000 (Coordinated Universal Time)
108	338	445	Fri Apr 01 2022 00:00:00 GMT+0000 (Coordinated Universal Time)
109	634	32	Fri Apr 01 2022 00:00:00 GMT+0000 (Coordinated Universal Time)
110	350	33	Fri Apr 01 2022 00:00:00 GMT+0000 (Coordinated Universal Time)
111	350	34	Fri Apr 01 2022 00:00:00 GMT+0000 (Coordinated Universal Time)
112	582	35	Fri Apr 01 2022 00:00:00 GMT+0000 (Coordinated Universal Time)
113	344	36	Fri Apr 01 2022 00:00:00 GMT+0000 (Coordinated Universal Time)
114	348	37	Fri Apr 01 2022 00:00:00 GMT+0000 (Coordinated Universal Time)
115	344	38	Fri Apr 01 2022 00:00:00 GMT+0000 (Coordinated Universal Time)
116	344	39	Fri Apr 01 2022 00:00:00 GMT+0000 (Coordinated Universal Time)
117	344	40	Fri Apr 01 2022 00:00:00 GMT+0000 (Coordinated Universal Time)
118	606	41	Fri Apr 01 2022 00:00:00 GMT+0000 (Coordinated Universal Time)
119	101	544	Fri Apr 01 2022 00:00:00 GMT+0000 (Coordinated Universal Time)
120	101	545	Fri Apr 01 2022 00:00:00 GMT+0000 (Coordinated Universal Time)
121	599	420	Fri Apr 01 2022 00:00:00 GMT+0000 (Coordinated Universal Time)
122	101	546	Fri Apr 01 2022 00:00:00 GMT+0000 (Coordinated Universal Time)
123	608	42	Fri Apr 01 2022 00:00:00 GMT+0000 (Coordinated Universal Time)
124	345	43	Fri Apr 01 2022 00:00:00 GMT+0000 (Coordinated Universal Time)
125	345	44	Fri Apr 01 2022 00:00:00 GMT+0000 (Coordinated Universal Time)
126	344	45	Fri Apr 01 2022 00:00:00 GMT+0000 (Coordinated Universal Time)
127	303	540	Fri Apr 01 2022 00:00:00 GMT+0000 (Coordinated Universal Time)
128	531	470	Fri Apr 01 2022 00:00:00 GMT+0000 (Coordinated Universal Time)
129	530	451	Fri Apr 01 2022 00:00:00 GMT+0000 (Coordinated Universal Time)
130	599	421	Fri Apr 01 2022 00:00:00 GMT+0000 (Coordinated Universal Time)
132	346	48	Fri Apr 01 2022 00:00:00 GMT+0000 (Coordinated Universal Time)
133	530	452	Fri Apr 01 2022 00:00:00 GMT+0000 (Coordinated Universal Time)
134	578	49	Fri Apr 01 2022 00:00:00 GMT+0000 (Coordinated Universal Time)
135	599	422	Fri Apr 01 2022 00:00:00 GMT+0000 (Coordinated Universal Time)
136	603	50	Fri Apr 01 2022 00:00:00 GMT+0000 (Coordinated Universal Time)
137	419	51	Fri Apr 01 2022 00:00:00 GMT+0000 (Coordinated Universal Time)
139	628	354	Fri Apr 01 2022 00:00:00 GMT+0000 (Coordinated Universal Time)
140	335	53	Fri Apr 01 2022 00:00:00 GMT+0000 (Coordinated Universal Time)
141	582	54	Fri Apr 01 2022 00:00:00 GMT+0000 (Coordinated Universal Time)
142	582	55	Fri Apr 01 2022 00:00:00 GMT+0000 (Coordinated Universal Time)
143	582	56	Fri Apr 01 2022 00:00:00 GMT+0000 (Coordinated Universal Time)
144	578	57	Fri Apr 01 2022 00:00:00 GMT+0000 (Coordinated Universal Time)
145	531	471	Fri Apr 01 2022 00:00:00 GMT+0000 (Coordinated Universal Time)
146	618	58	Fri Apr 01 2022 00:00:00 GMT+0000 (Coordinated Universal Time)
147	581	472	Fri Apr 01 2022 00:00:00 GMT+0000 (Coordinated Universal Time)
148	531	473	Fri Apr 01 2022 00:00:00 GMT+0000 (Coordinated Universal Time)
149	578	59	Fri Apr 01 2022 00:00:00 GMT+0000 (Coordinated Universal Time)
150	531	569	Fri Apr 01 2022 00:00:00 GMT+0000 (Coordinated Universal Time)
151	582	562	Fri Apr 01 2022 00:00:00 GMT+0000 (Coordinated Universal Time)
152	344	60	Fri Apr 01 2022 00:00:00 GMT+0000 (Coordinated Universal Time)
153	338	442	Fri Apr 01 2022 00:00:00 GMT+0000 (Coordinated Universal Time)
154	345	61	Fri Apr 01 2022 00:00:00 GMT+0000 (Coordinated Universal Time)
155	344	62	Fri Apr 01 2022 00:00:00 GMT+0000 (Coordinated Universal Time)
156	634	63	Fri Apr 01 2022 00:00:00 GMT+0000 (Coordinated Universal Time)
157	345	64	Fri Apr 01 2022 00:00:00 GMT+0000 (Coordinated Universal Time)
158	531	570	Fri Apr 01 2022 00:00:00 GMT+0000 (Coordinated Universal Time)
159	349	65	Fri Apr 01 2022 00:00:00 GMT+0000 (Coordinated Universal Time)
160	348	66	Fri Apr 01 2022 00:00:00 GMT+0000 (Coordinated Universal Time)
161	335	67	Fri Apr 01 2022 00:00:00 GMT+0000 (Coordinated Universal Time)
162	582	68	Fri Apr 01 2022 00:00:00 GMT+0000 (Coordinated Universal Time)
163	344	69	Fri Apr 01 2022 00:00:00 GMT+0000 (Coordinated Universal Time)
164	578	70	Fri Apr 01 2022 00:00:00 GMT+0000 (Coordinated Universal Time)
165	578	71	Fri Apr 01 2022 00:00:00 GMT+0000 (Coordinated Universal Time)
168	531	474	Fri Apr 01 2022 00:00:00 GMT+0000 (Coordinated Universal Time)
169	101	547	Fri Apr 01 2022 00:00:00 GMT+0000 (Coordinated Universal Time)
170	605	475	Fri Apr 01 2022 00:00:00 GMT+0000 (Coordinated Universal Time)
171	375	74	Fri Apr 01 2022 00:00:00 GMT+0000 (Coordinated Universal Time)
172	619	423	Fri Apr 01 2022 00:00:00 GMT+0000 (Coordinated Universal Time)
173	634	75	Fri Apr 01 2022 00:00:00 GMT+0000 (Coordinated Universal Time)
174	530	453	Fri Apr 01 2022 00:00:00 GMT+0000 (Coordinated Universal Time)
175	531	476	Fri Apr 01 2022 00:00:00 GMT+0000 (Coordinated Universal Time)
176	273	533	Fri Apr 01 2022 00:00:00 GMT+0000 (Coordinated Universal Time)
177	530	564	Fri Apr 01 2022 00:00:00 GMT+0000 (Coordinated Universal Time)
178	345	76	Fri Apr 01 2022 00:00:00 GMT+0000 (Coordinated Universal Time)
179	344	77	Fri Apr 01 2022 00:00:00 GMT+0000 (Coordinated Universal Time)
180	344	78	Fri Apr 01 2022 00:00:00 GMT+0000 (Coordinated Universal Time)
181	582	79	Fri Apr 01 2022 00:00:00 GMT+0000 (Coordinated Universal Time)
182	603	80	Fri Apr 01 2022 00:00:00 GMT+0000 (Coordinated Universal Time)
183	344	81	Fri Apr 01 2022 00:00:00 GMT+0000 (Coordinated Universal Time)
184	344	82	Fri Apr 01 2022 00:00:00 GMT+0000 (Coordinated Universal Time)
185	345	83	Fri Apr 01 2022 00:00:00 GMT+0000 (Coordinated Universal Time)
186	531	571	Fri Apr 01 2022 00:00:00 GMT+0000 (Coordinated Universal Time)
187	375	84	Fri Apr 01 2022 00:00:00 GMT+0000 (Coordinated Universal Time)
188	531	477	Fri Apr 01 2022 00:00:00 GMT+0000 (Coordinated Universal Time)
189	582	85	Fri Apr 01 2022 00:00:00 GMT+0000 (Coordinated Universal Time)
190	101	548	Fri Apr 01 2022 00:00:00 GMT+0000 (Coordinated Universal Time)
191	531	478	Fri Apr 01 2022 00:00:00 GMT+0000 (Coordinated Universal Time)
192	530	454	Fri Apr 01 2022 00:00:00 GMT+0000 (Coordinated Universal Time)
193	634	86	Fri Apr 01 2022 00:00:00 GMT+0000 (Coordinated Universal Time)
194	345	87	Fri Apr 01 2022 00:00:00 GMT+0000 (Coordinated Universal Time)
195	350	88	Fri Apr 01 2022 00:00:00 GMT+0000 (Coordinated Universal Time)
196	349	89	Fri Apr 01 2022 00:00:00 GMT+0000 (Coordinated Universal Time)
197	530	455	Fri Apr 01 2022 00:00:00 GMT+0000 (Coordinated Universal Time)
198	347	90	Fri Apr 01 2022 00:00:00 GMT+0000 (Coordinated Universal Time)
199	338	91	Fri Apr 01 2022 00:00:00 GMT+0000 (Coordinated Universal Time)
200	346	92	Fri Apr 01 2022 00:00:00 GMT+0000 (Coordinated Universal Time)
201	303	541	Fri Apr 01 2022 00:00:00 GMT+0000 (Coordinated Universal Time)
202	348	93	Fri Apr 01 2022 00:00:00 GMT+0000 (Coordinated Universal Time)
204	530	456	Fri Apr 01 2022 00:00:00 GMT+0000 (Coordinated Universal Time)
205	578	95	Fri Apr 01 2022 00:00:00 GMT+0000 (Coordinated Universal Time)
206	350	96	Fri Apr 01 2022 00:00:00 GMT+0000 (Coordinated Universal Time)
207	344	97	Fri Apr 01 2022 00:00:00 GMT+0000 (Coordinated Universal Time)
208	628	424	Fri Apr 01 2022 00:00:00 GMT+0000 (Coordinated Universal Time)
209	344	98	Fri Apr 01 2022 00:00:00 GMT+0000 (Coordinated Universal Time)
210	101	549	Fri Apr 01 2022 00:00:00 GMT+0000 (Coordinated Universal Time)
211	582	99	Fri Apr 01 2022 00:00:00 GMT+0000 (Coordinated Universal Time)
212	619	561	Fri Apr 01 2022 00:00:00 GMT+0000 (Coordinated Universal Time)
213	338	100	Fri Apr 01 2022 00:00:00 GMT+0000 (Coordinated Universal Time)
214	2072	102	Fri Apr 01 2022 00:00:00 GMT+0000 (Coordinated Universal Time)
215	636	103	Wed Jun 28 2023 00:00:00 GMT+0000 (Coordinated Universal Time)
216	101	550	Fri Apr 01 2022 00:00:00 GMT+0000 (Coordinated Universal Time)
217	629	104	Fri Apr 01 2022 00:00:00 GMT+0000 (Coordinated Universal Time)
218	273	534	Fri Apr 01 2022 00:00:00 GMT+0000 (Coordinated Universal Time)
219	603	105	Fri Apr 01 2022 00:00:00 GMT+0000 (Coordinated Universal Time)
220	608	106	Fri Apr 01 2022 00:00:00 GMT+0000 (Coordinated Universal Time)
221	618	107	Fri Apr 01 2022 00:00:00 GMT+0000 (Coordinated Universal Time)
222	101	551	Fri Apr 01 2022 00:00:00 GMT+0000 (Coordinated Universal Time)
223	347	108	Fri Apr 01 2022 00:00:00 GMT+0000 (Coordinated Universal Time)
224	344	109	Fri Apr 01 2022 00:00:00 GMT+0000 (Coordinated Universal Time)
226	531	480	Fri Apr 01 2022 00:00:00 GMT+0000 (Coordinated Universal Time)
227	628	425	Fri Apr 01 2022 00:00:00 GMT+0000 (Coordinated Universal Time)
228	608	110	Fri Apr 01 2022 00:00:00 GMT+0000 (Coordinated Universal Time)
229	419	111	Fri Apr 01 2022 00:00:00 GMT+0000 (Coordinated Universal Time)
230	344	112	Fri Apr 01 2022 00:00:00 GMT+0000 (Coordinated Universal Time)
231	349	113	Fri Apr 01 2022 00:00:00 GMT+0000 (Coordinated Universal Time)
232	628	563	Fri Apr 01 2022 00:00:00 GMT+0000 (Coordinated Universal Time)
233	101	552	Fri Apr 01 2022 00:00:00 GMT+0000 (Coordinated Universal Time)
234	530	457	Fri Apr 01 2022 00:00:00 GMT+0000 (Coordinated Universal Time)
235	608	114	Fri Apr 01 2022 00:00:00 GMT+0000 (Coordinated Universal Time)
236	338	446	Fri Apr 01 2022 00:00:00 GMT+0000 (Coordinated Universal Time)
237	531	481	Fri Apr 01 2022 00:00:00 GMT+0000 (Coordinated Universal Time)
238	345	115	Fri Apr 01 2022 00:00:00 GMT+0000 (Coordinated Universal Time)
239	337	116	Fri Apr 01 2022 00:00:00 GMT+0000 (Coordinated Universal Time)
240	337	117	Fri Apr 01 2022 00:00:00 GMT+0000 (Coordinated Universal Time)
241	344	118	Fri Apr 01 2022 00:00:00 GMT+0000 (Coordinated Universal Time)
242	531	482	Fri Apr 01 2022 00:00:00 GMT+0000 (Coordinated Universal Time)
243	582	119	Fri Apr 01 2022 00:00:00 GMT+0000 (Coordinated Universal Time)
244	343	120	Fri Apr 01 2022 00:00:00 GMT+0000 (Coordinated Universal Time)
245	531	121	Fri Apr 01 2022 00:00:00 GMT+0000 (Coordinated Universal Time)
246	604	122	Fri Apr 01 2022 00:00:00 GMT+0000 (Coordinated Universal Time)
247	337	123	Fri Apr 01 2022 00:00:00 GMT+0000 (Coordinated Universal Time)
248	582	124	Fri Apr 01 2022 00:00:00 GMT+0000 (Coordinated Universal Time)
249	344	126	Fri Apr 01 2022 00:00:00 GMT+0000 (Coordinated Universal Time)
252	599	426	Fri Apr 01 2022 00:00:00 GMT+0000 (Coordinated Universal Time)
254	344	129	Fri Apr 01 2022 00:00:00 GMT+0000 (Coordinated Universal Time)
255	348	130	Fri Apr 01 2022 00:00:00 GMT+0000 (Coordinated Universal Time)
256	337	131	Fri Apr 01 2022 00:00:00 GMT+0000 (Coordinated Universal Time)
257	531	484	Fri Apr 01 2022 00:00:00 GMT+0000 (Coordinated Universal Time)
258	603	132	Fri Apr 01 2022 00:00:00 GMT+0000 (Coordinated Universal Time)
259	345	133	Fri Apr 01 2022 00:00:00 GMT+0000 (Coordinated Universal Time)
260	634	134	Fri Apr 01 2022 00:00:00 GMT+0000 (Coordinated Universal Time)
261	603	135	Fri Apr 01 2022 00:00:00 GMT+0000 (Coordinated Universal Time)
262	344	136	Fri Apr 01 2022 00:00:00 GMT+0000 (Coordinated Universal Time)
263	273	535	Fri Apr 01 2022 00:00:00 GMT+0000 (Coordinated Universal Time)
264	578	137	Fri Apr 01 2022 00:00:00 GMT+0000 (Coordinated Universal Time)
265	347	138	Fri Apr 01 2022 00:00:00 GMT+0000 (Coordinated Universal Time)
266	344	139	Fri Apr 01 2022 00:00:00 GMT+0000 (Coordinated Universal Time)
267	608	407	Fri Apr 01 2022 00:00:00 GMT+0000 (Coordinated Universal Time)
268	603	140	Fri Apr 01 2022 00:00:00 GMT+0000 (Coordinated Universal Time)
269	531	485	Fri Apr 01 2022 00:00:00 GMT+0000 (Coordinated Universal Time)
270	531	486	Fri Apr 01 2022 00:00:00 GMT+0000 (Coordinated Universal Time)
271	581	487	Fri Apr 01 2022 00:00:00 GMT+0000 (Coordinated Universal Time)
272	531	488	Fri Apr 01 2022 00:00:00 GMT+0000 (Coordinated Universal Time)
273	531	489	Fri Apr 01 2022 00:00:00 GMT+0000 (Coordinated Universal Time)
274	344	142	Fri Apr 01 2022 00:00:00 GMT+0000 (Coordinated Universal Time)
275	349	143	Fri Apr 01 2022 00:00:00 GMT+0000 (Coordinated Universal Time)
276	2072	141	Fri Apr 01 2022 00:00:00 GMT+0000 (Coordinated Universal Time)
277	578	144	Fri Apr 01 2022 00:00:00 GMT+0000 (Coordinated Universal Time)
278	338	145	Fri Apr 01 2022 00:00:00 GMT+0000 (Coordinated Universal Time)
279	346	146	Fri Apr 01 2022 00:00:00 GMT+0000 (Coordinated Universal Time)
280	628	427	Fri Apr 01 2022 00:00:00 GMT+0000 (Coordinated Universal Time)
282	531	529	Fri Apr 01 2022 00:00:00 GMT+0000 (Coordinated Universal Time)
284	606	149	Fri Apr 01 2022 00:00:00 GMT+0000 (Coordinated Universal Time)
285	634	150	Fri Apr 01 2022 00:00:00 GMT+0000 (Coordinated Universal Time)
286	345	151	Fri Apr 01 2022 00:00:00 GMT+0000 (Coordinated Universal Time)
287	578	152	Fri Apr 01 2022 00:00:00 GMT+0000 (Coordinated Universal Time)
288	347	153	Fri Apr 01 2022 00:00:00 GMT+0000 (Coordinated Universal Time)
289	578	154	Fri Apr 01 2022 00:00:00 GMT+0000 (Coordinated Universal Time)
290	606	155	Fri Apr 01 2022 00:00:00 GMT+0000 (Coordinated Universal Time)
291	531	572	Fri Apr 01 2022 00:00:00 GMT+0000 (Coordinated Universal Time)
292	531	490	Fri Apr 01 2022 00:00:00 GMT+0000 (Coordinated Universal Time)
293	634	156	Fri Apr 01 2022 00:00:00 GMT+0000 (Coordinated Universal Time)
294	344	157	Fri Apr 01 2022 00:00:00 GMT+0000 (Coordinated Universal Time)
295	628	180	Fri Apr 01 2022 00:00:00 GMT+0000 (Coordinated Universal Time)
296	531	491	Fri Apr 01 2022 00:00:00 GMT+0000 (Coordinated Universal Time)
297	349	158	Fri Apr 01 2022 00:00:00 GMT+0000 (Coordinated Universal Time)
298	349	159	Fri Apr 01 2022 00:00:00 GMT+0000 (Coordinated Universal Time)
299	578	160	Fri Apr 01 2022 00:00:00 GMT+0000 (Coordinated Universal Time)
300	344	161	Fri Apr 01 2022 00:00:00 GMT+0000 (Coordinated Universal Time)
301	349	162	Fri Apr 01 2022 00:00:00 GMT+0000 (Coordinated Universal Time)
302	101	553	Fri Apr 01 2022 00:00:00 GMT+0000 (Coordinated Universal Time)
304	419	164	Fri Apr 01 2022 00:00:00 GMT+0000 (Coordinated Universal Time)
305	347	165	Fri Apr 01 2022 00:00:00 GMT+0000 (Coordinated Universal Time)
306	419	166	Fri Apr 01 2022 00:00:00 GMT+0000 (Coordinated Universal Time)
307	608	167	Fri Apr 01 2022 00:00:00 GMT+0000 (Coordinated Universal Time)
308	350	168	Fri Apr 01 2022 00:00:00 GMT+0000 (Coordinated Universal Time)
309	531	492	Fri Apr 01 2022 00:00:00 GMT+0000 (Coordinated Universal Time)
310	583	169	Fri Apr 01 2022 00:00:00 GMT+0000 (Coordinated Universal Time)
311	531	493	Fri Apr 01 2022 00:00:00 GMT+0000 (Coordinated Universal Time)
312	634	170	Fri Apr 01 2022 00:00:00 GMT+0000 (Coordinated Universal Time)
313	531	494	Fri Apr 01 2022 00:00:00 GMT+0000 (Coordinated Universal Time)
314	531	495	Fri Apr 01 2022 00:00:00 GMT+0000 (Coordinated Universal Time)
315	531	496	Fri Apr 01 2022 00:00:00 GMT+0000 (Coordinated Universal Time)
316	345	171	Fri Apr 01 2022 00:00:00 GMT+0000 (Coordinated Universal Time)
317	273	532	Fri Apr 01 2022 00:00:00 GMT+0000 (Coordinated Universal Time)
318	338	173	Fri Apr 01 2022 00:00:00 GMT+0000 (Coordinated Universal Time)
319	605	497	Fri Apr 01 2022 00:00:00 GMT+0000 (Coordinated Universal Time)
320	346	172	Fri Apr 01 2022 00:00:00 GMT+0000 (Coordinated Universal Time)
321	531	498	Fri Apr 01 2022 00:00:00 GMT+0000 (Coordinated Universal Time)
322	531	174	Fri Apr 01 2022 00:00:00 GMT+0000 (Coordinated Universal Time)
323	344	175	Fri Apr 01 2022 00:00:00 GMT+0000 (Coordinated Universal Time)
324	335	176	Fri Apr 01 2022 00:00:00 GMT+0000 (Coordinated Universal Time)
325	344	177	Fri Apr 01 2022 00:00:00 GMT+0000 (Coordinated Universal Time)
326	335	178	Fri Apr 01 2022 00:00:00 GMT+0000 (Coordinated Universal Time)
327	628	428	Fri Apr 01 2022 00:00:00 GMT+0000 (Coordinated Universal Time)
328	628	179	Fri Apr 01 2022 00:00:00 GMT+0000 (Coordinated Universal Time)
329	531	181	Fri Apr 01 2022 00:00:00 GMT+0000 (Coordinated Universal Time)
330	338	182	Fri Apr 01 2022 00:00:00 GMT+0000 (Coordinated Universal Time)
331	375	183	Fri Apr 01 2022 00:00:00 GMT+0000 (Coordinated Universal Time)
332	344	184	Fri Apr 01 2022 00:00:00 GMT+0000 (Coordinated Universal Time)
333	531	499	Fri Apr 01 2022 00:00:00 GMT+0000 (Coordinated Universal Time)
334	531	500	Fri Apr 01 2022 00:00:00 GMT+0000 (Coordinated Universal Time)
335	531	501	Fri Apr 01 2022 00:00:00 GMT+0000 (Coordinated Universal Time)
336	578	185	Fri Apr 01 2022 00:00:00 GMT+0000 (Coordinated Universal Time)
337	530	458	Fri Apr 01 2022 00:00:00 GMT+0000 (Coordinated Universal Time)
338	603	186	Fri Apr 01 2022 00:00:00 GMT+0000 (Coordinated Universal Time)
339	610	187	Fri Apr 01 2022 00:00:00 GMT+0000 (Coordinated Universal Time)
340	344	188	Fri Apr 01 2022 00:00:00 GMT+0000 (Coordinated Universal Time)
341	344	566	Fri Apr 01 2022 00:00:00 GMT+0000 (Coordinated Universal Time)
342	385	189	Fri Apr 01 2022 00:00:00 GMT+0000 (Coordinated Universal Time)
343	599	429	Fri Apr 01 2022 00:00:00 GMT+0000 (Coordinated Universal Time)
344	344	190	Fri Apr 01 2022 00:00:00 GMT+0000 (Coordinated Universal Time)
345	606	191	Fri Apr 01 2022 00:00:00 GMT+0000 (Coordinated Universal Time)
346	344	192	Fri Apr 01 2022 00:00:00 GMT+0000 (Coordinated Universal Time)
347	603	193	Fri Apr 01 2022 00:00:00 GMT+0000 (Coordinated Universal Time)
348	578	194	Fri Apr 01 2022 00:00:00 GMT+0000 (Coordinated Universal Time)
350	344	196	Fri Apr 01 2022 00:00:00 GMT+0000 (Coordinated Universal Time)
351	338	197	Fri Apr 01 2022 00:00:00 GMT+0000 (Coordinated Universal Time)
352	608	198	Fri Apr 01 2022 00:00:00 GMT+0000 (Coordinated Universal Time)
353	581	502	Fri Apr 01 2022 00:00:00 GMT+0000 (Coordinated Universal Time)
354	531	503	Fri Apr 01 2022 00:00:00 GMT+0000 (Coordinated Universal Time)
355	101	554	Fri Apr 01 2022 00:00:00 GMT+0000 (Coordinated Universal Time)
356	335	199	Fri Apr 01 2022 00:00:00 GMT+0000 (Coordinated Universal Time)
357	530	459	Fri Apr 01 2022 00:00:00 GMT+0000 (Coordinated Universal Time)
358	344	200	Fri Apr 01 2022 00:00:00 GMT+0000 (Coordinated Universal Time)
359	608	201	Fri Apr 01 2022 00:00:00 GMT+0000 (Coordinated Universal Time)
360	530	460	Fri Apr 01 2022 00:00:00 GMT+0000 (Coordinated Universal Time)
361	338	202	Fri Apr 01 2022 00:00:00 GMT+0000 (Coordinated Universal Time)
362	610	203	Fri Apr 01 2022 00:00:00 GMT+0000 (Coordinated Universal Time)
363	346	204	Fri Apr 01 2022 00:00:00 GMT+0000 (Coordinated Universal Time)
364	629	357	Fri Apr 01 2022 00:00:00 GMT+0000 (Coordinated Universal Time)
365	628	205	Fri Apr 01 2022 00:00:00 GMT+0000 (Coordinated Universal Time)
366	346	206	Fri Apr 01 2022 00:00:00 GMT+0000 (Coordinated Universal Time)
367	581	504	Fri Apr 01 2022 00:00:00 GMT+0000 (Coordinated Universal Time)
368	344	207	Fri Apr 01 2022 00:00:00 GMT+0000 (Coordinated Universal Time)
369	337	208	Fri Apr 01 2022 00:00:00 GMT+0000 (Coordinated Universal Time)
370	419	209	Fri Apr 01 2022 00:00:00 GMT+0000 (Coordinated Universal Time)
371	578	210	Fri Apr 01 2022 00:00:00 GMT+0000 (Coordinated Universal Time)
372	578	211	Fri Apr 01 2022 00:00:00 GMT+0000 (Coordinated Universal Time)
373	627	430	Fri Apr 01 2022 00:00:00 GMT+0000 (Coordinated Universal Time)
374	419	543	Fri Apr 01 2022 00:00:00 GMT+0000 (Coordinated Universal Time)
375	349	212	Fri Apr 01 2022 00:00:00 GMT+0000 (Coordinated Universal Time)
376	101	555	Fri Apr 01 2022 00:00:00 GMT+0000 (Coordinated Universal Time)
377	603	214	Fri Apr 01 2022 00:00:00 GMT+0000 (Coordinated Universal Time)
378	530	461	Fri Apr 01 2022 00:00:00 GMT+0000 (Coordinated Universal Time)
379	634	215	Fri Apr 01 2022 00:00:00 GMT+0000 (Coordinated Universal Time)
380	345	216	Fri Apr 01 2022 00:00:00 GMT+0000 (Coordinated Universal Time)
381	618	431	Fri Apr 01 2022 00:00:00 GMT+0000 (Coordinated Universal Time)
382	338	217	Fri Apr 01 2022 00:00:00 GMT+0000 (Coordinated Universal Time)
383	344	218	Fri Apr 01 2022 00:00:00 GMT+0000 (Coordinated Universal Time)
384	350	219	Fri Apr 01 2022 00:00:00 GMT+0000 (Coordinated Universal Time)
385	344	220	Fri Apr 01 2022 00:00:00 GMT+0000 (Coordinated Universal Time)
386	344	565	Fri Apr 01 2022 00:00:00 GMT+0000 (Coordinated Universal Time)
387	628	432	Fri Apr 01 2022 00:00:00 GMT+0000 (Coordinated Universal Time)
388	337	221	Fri Apr 01 2022 00:00:00 GMT+0000 (Coordinated Universal Time)
389	531	505	Fri Apr 01 2022 00:00:00 GMT+0000 (Coordinated Universal Time)
390	618	433	Fri Apr 01 2022 00:00:00 GMT+0000 (Coordinated Universal Time)
391	344	222	Fri Apr 01 2022 00:00:00 GMT+0000 (Coordinated Universal Time)
393	578	223	Fri Apr 01 2022 00:00:00 GMT+0000 (Coordinated Universal Time)
394	344	224	Fri Apr 01 2022 00:00:00 GMT+0000 (Coordinated Universal Time)
395	531	506	Fri Apr 01 2022 00:00:00 GMT+0000 (Coordinated Universal Time)
396	345	225	Fri Apr 01 2022 00:00:00 GMT+0000 (Coordinated Universal Time)
397	581	507	Fri Apr 01 2022 00:00:00 GMT+0000 (Coordinated Universal Time)
398	531	573	Fri Apr 01 2022 00:00:00 GMT+0000 (Coordinated Universal Time)
399	582	226	Fri Apr 01 2022 00:00:00 GMT+0000 (Coordinated Universal Time)
400	581	508	Fri Apr 01 2022 00:00:00 GMT+0000 (Coordinated Universal Time)
401	603	227	Fri Apr 01 2022 00:00:00 GMT+0000 (Coordinated Universal Time)
402	348	228	Fri Apr 01 2022 00:00:00 GMT+0000 (Coordinated Universal Time)
403	120	229	Fri Apr 01 2022 00:00:00 GMT+0000 (Coordinated Universal Time)
404	599	230	Fri Apr 01 2022 00:00:00 GMT+0000 (Coordinated Universal Time)
405	344	231	Fri Apr 01 2022 00:00:00 GMT+0000 (Coordinated Universal Time)
406	531	509	Fri Apr 01 2022 00:00:00 GMT+0000 (Coordinated Universal Time)
407	587	232	Fri Apr 01 2022 00:00:00 GMT+0000 (Coordinated Universal Time)
408	601	434	Fri Apr 01 2022 00:00:00 GMT+0000 (Coordinated Universal Time)
409	344	233	Fri Apr 01 2022 00:00:00 GMT+0000 (Coordinated Universal Time)
410	599	234	Fri Apr 01 2022 00:00:00 GMT+0000 (Coordinated Universal Time)
411	344	235	Fri Apr 01 2022 00:00:00 GMT+0000 (Coordinated Universal Time)
412	599	236	Fri Apr 01 2022 00:00:00 GMT+0000 (Coordinated Universal Time)
413	608	237	Fri Apr 01 2022 00:00:00 GMT+0000 (Coordinated Universal Time)
414	419	238	Fri Apr 01 2022 00:00:00 GMT+0000 (Coordinated Universal Time)
415	604	239	Fri Apr 01 2022 00:00:00 GMT+0000 (Coordinated Universal Time)
416	531	510	Fri Apr 01 2022 00:00:00 GMT+0000 (Coordinated Universal Time)
417	531	574	Fri Apr 01 2022 00:00:00 GMT+0000 (Coordinated Universal Time)
418	531	511	Fri Apr 01 2022 00:00:00 GMT+0000 (Coordinated Universal Time)
419	344	240	Fri Apr 01 2022 00:00:00 GMT+0000 (Coordinated Universal Time)
420	531	575	Fri Apr 01 2022 00:00:00 GMT+0000 (Coordinated Universal Time)
421	582	241	Fri Apr 01 2022 00:00:00 GMT+0000 (Coordinated Universal Time)
422	419	242	Fri Apr 01 2022 00:00:00 GMT+0000 (Coordinated Universal Time)
423	344	243	Fri Apr 01 2022 00:00:00 GMT+0000 (Coordinated Universal Time)
424	344	244	Fri Apr 01 2022 00:00:00 GMT+0000 (Coordinated Universal Time)
425	344	245	Fri Apr 01 2022 00:00:00 GMT+0000 (Coordinated Universal Time)
426	582	246	Fri Apr 01 2022 00:00:00 GMT+0000 (Coordinated Universal Time)
427	603	247	Fri Apr 01 2022 00:00:00 GMT+0000 (Coordinated Universal Time)
428	531	512	Fri Apr 01 2022 00:00:00 GMT+0000 (Coordinated Universal Time)
429	101	556	Fri Apr 01 2022 00:00:00 GMT+0000 (Coordinated Universal Time)
430	582	248	Fri Apr 01 2022 00:00:00 GMT+0000 (Coordinated Universal Time)
431	531	513	Fri Apr 01 2022 00:00:00 GMT+0000 (Coordinated Universal Time)
432	531	514	Fri Apr 01 2022 00:00:00 GMT+0000 (Coordinated Universal Time)
434	344	250	Fri Apr 01 2022 00:00:00 GMT+0000 (Coordinated Universal Time)
435	530	462	Fri Apr 01 2022 00:00:00 GMT+0000 (Coordinated Universal Time)
436	344	251	Fri Apr 01 2022 00:00:00 GMT+0000 (Coordinated Universal Time)
438	530	463	Fri Apr 01 2022 00:00:00 GMT+0000 (Coordinated Universal Time)
439	608	252	Fri Apr 01 2022 00:00:00 GMT+0000 (Coordinated Universal Time)
440	608	254	Fri Apr 01 2022 00:00:00 GMT+0000 (Coordinated Universal Time)
441	606	255	Fri Apr 01 2022 00:00:00 GMT+0000 (Coordinated Universal Time)
442	608	256	Fri Apr 01 2022 00:00:00 GMT+0000 (Coordinated Universal Time)
443	344	257	Fri Apr 01 2022 00:00:00 GMT+0000 (Coordinated Universal Time)
444	619	558	Fri Apr 01 2022 00:00:00 GMT+0000 (Coordinated Universal Time)
446	603	259	Fri Apr 01 2022 00:00:00 GMT+0000 (Coordinated Universal Time)
447	634	260	Fri Apr 01 2022 00:00:00 GMT+0000 (Coordinated Universal Time)
448	606	261	Fri Apr 01 2022 00:00:00 GMT+0000 (Coordinated Universal Time)
449	345	408	Fri Apr 01 2022 00:00:00 GMT+0000 (Coordinated Universal Time)
450	338	262	Fri Apr 01 2022 00:00:00 GMT+0000 (Coordinated Universal Time)
451	583	263	Fri Apr 01 2022 00:00:00 GMT+0000 (Coordinated Universal Time)
452	605	516	Fri Apr 01 2022 00:00:00 GMT+0000 (Coordinated Universal Time)
453	605	517	Fri Apr 01 2022 00:00:00 GMT+0000 (Coordinated Universal Time)
454	605	518	Fri Apr 01 2022 00:00:00 GMT+0000 (Coordinated Universal Time)
455	603	435	Fri Apr 01 2022 00:00:00 GMT+0000 (Coordinated Universal Time)
456	608	264	Fri Apr 01 2022 00:00:00 GMT+0000 (Coordinated Universal Time)
457	605	519	Fri Apr 01 2022 00:00:00 GMT+0000 (Coordinated Universal Time)
458	531	265	Fri Apr 01 2022 00:00:00 GMT+0000 (Coordinated Universal Time)
459	338	266	Fri Apr 01 2022 00:00:00 GMT+0000 (Coordinated Universal Time)
460	531	520	Fri Apr 01 2022 00:00:00 GMT+0000 (Coordinated Universal Time)
461	582	267	Fri Apr 01 2022 00:00:00 GMT+0000 (Coordinated Universal Time)
462	350	568	Fri Apr 01 2022 00:00:00 GMT+0000 (Coordinated Universal Time)
463	624	436	Fri Apr 01 2022 00:00:00 GMT+0000 (Coordinated Universal Time)
464	345	268	Fri Apr 01 2022 00:00:00 GMT+0000 (Coordinated Universal Time)
465	375	418	Fri Apr 01 2022 00:00:00 GMT+0000 (Coordinated Universal Time)
466	624	269	Fri Apr 01 2022 00:00:00 GMT+0000 (Coordinated Universal Time)
467	348	270	Fri Apr 01 2022 00:00:00 GMT+0000 (Coordinated Universal Time)
468	531	521	Fri Apr 01 2022 00:00:00 GMT+0000 (Coordinated Universal Time)
469	344	271	Fri Apr 01 2022 00:00:00 GMT+0000 (Coordinated Universal Time)
470	629	358	Fri Apr 01 2022 00:00:00 GMT+0000 (Coordinated Universal Time)
471	531	522	Fri Apr 01 2022 00:00:00 GMT+0000 (Coordinated Universal Time)
472	619	559	Fri Apr 01 2022 00:00:00 GMT+0000 (Coordinated Universal Time)
473	350	272	Fri Apr 01 2022 00:00:00 GMT+0000 (Coordinated Universal Time)
474	337	274	Fri Apr 01 2022 00:00:00 GMT+0000 (Coordinated Universal Time)
475	350	275	Fri Apr 01 2022 00:00:00 GMT+0000 (Coordinated Universal Time)
476	602	276	Fri Apr 01 2022 00:00:00 GMT+0000 (Coordinated Universal Time)
477	608	277	Fri Apr 01 2022 00:00:00 GMT+0000 (Coordinated Universal Time)
478	618	437	Fri Apr 01 2022 00:00:00 GMT+0000 (Coordinated Universal Time)
479	337	278	Fri Apr 01 2022 00:00:00 GMT+0000 (Coordinated Universal Time)
480	628	279	Fri Apr 01 2022 00:00:00 GMT+0000 (Coordinated Universal Time)
481	344	280	Fri Apr 01 2022 00:00:00 GMT+0000 (Coordinated Universal Time)
482	603	281	Fri Apr 01 2022 00:00:00 GMT+0000 (Coordinated Universal Time)
483	531	523	Fri Apr 01 2022 00:00:00 GMT+0000 (Coordinated Universal Time)
484	375	282	Fri Apr 01 2022 00:00:00 GMT+0000 (Coordinated Universal Time)
485	344	283	Fri Apr 01 2022 00:00:00 GMT+0000 (Coordinated Universal Time)
486	344	284	Fri Apr 01 2022 00:00:00 GMT+0000 (Coordinated Universal Time)
487	582	285	Fri Apr 01 2022 00:00:00 GMT+0000 (Coordinated Universal Time)
489	338	286	Fri Apr 01 2022 00:00:00 GMT+0000 (Coordinated Universal Time)
490	350	287	Fri Apr 01 2022 00:00:00 GMT+0000 (Coordinated Universal Time)
491	603	288	Fri Apr 01 2022 00:00:00 GMT+0000 (Coordinated Universal Time)
492	599	438	Fri Apr 01 2022 00:00:00 GMT+0000 (Coordinated Universal Time)
493	582	289	Fri Apr 01 2022 00:00:00 GMT+0000 (Coordinated Universal Time)
494	2072	409	Fri Apr 01 2022 00:00:00 GMT+0000 (Coordinated Universal Time)
495	344	290	Fri Apr 01 2022 00:00:00 GMT+0000 (Coordinated Universal Time)
496	530	464	Fri Apr 01 2022 00:00:00 GMT+0000 (Coordinated Universal Time)
497	618	439	Fri Apr 01 2022 00:00:00 GMT+0000 (Coordinated Universal Time)
499	582	291	Fri Apr 01 2022 00:00:00 GMT+0000 (Coordinated Universal Time)
500	531	524	Fri Apr 01 2022 00:00:00 GMT+0000 (Coordinated Universal Time)
501	608	292	Fri Apr 01 2022 00:00:00 GMT+0000 (Coordinated Universal Time)
502	608	293	Fri Apr 01 2022 00:00:00 GMT+0000 (Coordinated Universal Time)
503	349	294	Fri Apr 01 2022 00:00:00 GMT+0000 (Coordinated Universal Time)
504	608	295	Fri Apr 01 2022 00:00:00 GMT+0000 (Coordinated Universal Time)
505	531	296	Fri Apr 01 2022 00:00:00 GMT+0000 (Coordinated Universal Time)
506	627	297	Fri Apr 01 2022 00:00:00 GMT+0000 (Coordinated Universal Time)
507	303	539	Fri Apr 01 2022 00:00:00 GMT+0000 (Coordinated Universal Time)
508	530	465	Fri Apr 01 2022 00:00:00 GMT+0000 (Coordinated Universal Time)
509	634	298	Fri Apr 01 2022 00:00:00 GMT+0000 (Coordinated Universal Time)
510	345	299	Fri Apr 01 2022 00:00:00 GMT+0000 (Coordinated Universal Time)
511	589	300	Fri Apr 01 2022 00:00:00 GMT+0000 (Coordinated Universal Time)
512	345	301	Fri Apr 01 2022 00:00:00 GMT+0000 (Coordinated Universal Time)
513	578	302	Fri Apr 01 2022 00:00:00 GMT+0000 (Coordinated Universal Time)
514	346	304	Fri Apr 01 2022 00:00:00 GMT+0000 (Coordinated Universal Time)
515	531	525	Fri Apr 01 2022 00:00:00 GMT+0000 (Coordinated Universal Time)
516	582	305	Fri Apr 01 2022 00:00:00 GMT+0000 (Coordinated Universal Time)
517	582	306	Fri Apr 01 2022 00:00:00 GMT+0000 (Coordinated Universal Time)
518	303	538	Fri Apr 01 2022 00:00:00 GMT+0000 (Coordinated Universal Time)
519	419	307	Fri Apr 01 2022 00:00:00 GMT+0000 (Coordinated Universal Time)
520	578	308	Fri Apr 01 2022 00:00:00 GMT+0000 (Coordinated Universal Time)
521	578	309	Fri Apr 01 2022 00:00:00 GMT+0000 (Coordinated Universal Time)
523	602	310	Fri Apr 01 2022 00:00:00 GMT+0000 (Coordinated Universal Time)
524	588	311	Fri Apr 01 2022 00:00:00 GMT+0000 (Coordinated Universal Time)
525	602	441	Fri Apr 01 2022 00:00:00 GMT+0000 (Coordinated Universal Time)
527	602	314	Fri Apr 01 2022 00:00:00 GMT+0000 (Coordinated Universal Time)
528	419	315	Fri Apr 01 2022 00:00:00 GMT+0000 (Coordinated Universal Time)
529	531	526	Fri Apr 01 2022 00:00:00 GMT+0000 (Coordinated Universal Time)
530	578	316	Fri Apr 01 2022 00:00:00 GMT+0000 (Coordinated Universal Time)
531	346	317	Fri Apr 01 2022 00:00:00 GMT+0000 (Coordinated Universal Time)
532	578	318	Fri Apr 01 2022 00:00:00 GMT+0000 (Coordinated Universal Time)
533	578	319	Fri Apr 01 2022 00:00:00 GMT+0000 (Coordinated Universal Time)
534	338	320	Fri Apr 01 2022 00:00:00 GMT+0000 (Coordinated Universal Time)
535	338	321	Fri Apr 01 2022 00:00:00 GMT+0000 (Coordinated Universal Time)
536	344	322	Fri Apr 01 2022 00:00:00 GMT+0000 (Coordinated Universal Time)
537	419	323	Fri Apr 01 2022 00:00:00 GMT+0000 (Coordinated Universal Time)
538	419	324	Fri Apr 01 2022 00:00:00 GMT+0000 (Coordinated Universal Time)
539	346	325	Fri Apr 01 2022 00:00:00 GMT+0000 (Coordinated Universal Time)
540	349	326	Fri Apr 01 2022 00:00:00 GMT+0000 (Coordinated Universal Time)
541	531	527	Fri Apr 01 2022 00:00:00 GMT+0000 (Coordinated Universal Time)
542	101	557	Fri Apr 01 2022 00:00:00 GMT+0000 (Coordinated Universal Time)
543	578	327	Fri Apr 01 2022 00:00:00 GMT+0000 (Coordinated Universal Time)
544	344	328	Fri Apr 01 2022 00:00:00 GMT+0000 (Coordinated Universal Time)
545	603	329	Fri Apr 01 2022 00:00:00 GMT+0000 (Coordinated Universal Time)
546	531	528	Fri Apr 01 2022 00:00:00 GMT+0000 (Coordinated Universal Time)
547	608	330	Fri Apr 01 2022 00:00:00 GMT+0000 (Coordinated Universal Time)
548	634	331	Fri Apr 01 2022 00:00:00 GMT+0000 (Coordinated Universal Time)
549	338	447	Fri Apr 01 2022 00:00:00 GMT+0000 (Coordinated Universal Time)
550	610	332	Fri Apr 01 2022 00:00:00 GMT+0000 (Coordinated Universal Time)
551	338	448	Fri Apr 01 2022 00:00:00 GMT+0000 (Coordinated Universal Time)
552	634	611	Fri Apr 01 2022 00:00:00 GMT+0000 (Coordinated Universal Time)
553	336	351	Fri Apr 01 2022 00:00:00 GMT+0000 (Coordinated Universal Time)
554	336	340	Fri Apr 01 2022 00:00:00 GMT+0000 (Coordinated Universal Time)
562	609	617	Fri Apr 01 2022 00:00:00 GMT+0000 (Coordinated Universal Time)
563	609	616	Fri Apr 01 2022 00:00:00 GMT+0000 (Coordinated Universal Time)
564	609	615	Fri Apr 01 2022 00:00:00 GMT+0000 (Coordinated Universal Time)
565	609	614	Fri Apr 01 2022 00:00:00 GMT+0000 (Coordinated Universal Time)
567	604	618	Fri Apr 01 2022 00:00:00 GMT+0000 (Coordinated Universal Time)
568	604	619	Fri Apr 01 2022 00:00:00 GMT+0000 (Coordinated Universal Time)
569	619	560	Fri Apr 01 2022 00:00:00 GMT+0000 (Coordinated Universal Time)
570	618	620	Fri Apr 01 2022 00:00:00 GMT+0000 (Coordinated Universal Time)
571	618	621	Fri Apr 01 2022 00:00:00 GMT+0000 (Coordinated Universal Time)
572	618	623	Fri Apr 01 2022 00:00:00 GMT+0000 (Coordinated Universal Time)
573	618	622	Fri Apr 01 2022 00:00:00 GMT+0000 (Coordinated Universal Time)
574	604	624	Fri Apr 01 2022 00:00:00 GMT+0000 (Coordinated Universal Time)
575	584	625	Fri Apr 01 2022 00:00:00 GMT+0000 (Coordinated Universal Time)
576	584	626	Fri Apr 01 2022 00:00:00 GMT+0000 (Coordinated Universal Time)
577	604	584	Fri Apr 01 2022 00:00:00 GMT+0000 (Coordinated Universal Time)
578	604	627	Fri Apr 01 2022 00:00:00 GMT+0000 (Coordinated Universal Time)
579	604	628	Fri Apr 01 2022 00:00:00 GMT+0000 (Coordinated Universal Time)
581	360	343	Fri Apr 01 2022 00:00:00 GMT+0000 (Coordinated Universal Time)
583	530	633	Fri Apr 01 2022 00:00:00 GMT+0000 (Coordinated Universal Time)
585	401	612	Fri Apr 01 2022 00:00:00 GMT+0000 (Coordinated Universal Time)
586	401	388	Fri Apr 01 2022 00:00:00 GMT+0000 (Coordinated Universal Time)
587	401	378	Fri Apr 01 2022 00:00:00 GMT+0000 (Coordinated Universal Time)
589	343	634	Fri Apr 01 2022 00:00:00 GMT+0000 (Coordinated Universal Time)
592	360	345	Fri Apr 01 2022 00:00:00 GMT+0000 (Coordinated Universal Time)
593	401	373	Fri Apr 01 2022 00:00:00 GMT+0000 (Coordinated Universal Time)
594	401	376	Fri Apr 01 2022 00:00:00 GMT+0000 (Coordinated Universal Time)
595	401	393	Fri Apr 01 2022 00:00:00 GMT+0000 (Coordinated Universal Time)
596	401	387	Fri Apr 01 2022 00:00:00 GMT+0000 (Coordinated Universal Time)
597	401	403	Fri Apr 01 2022 00:00:00 GMT+0000 (Coordinated Universal Time)
598	401	402	Fri Apr 01 2022 00:00:00 GMT+0000 (Coordinated Universal Time)
599	401	405	Fri Apr 01 2022 00:00:00 GMT+0000 (Coordinated Universal Time)
600	401	412	Fri Apr 01 2022 00:00:00 GMT+0000 (Coordinated Universal Time)
601	401	364	Fri Apr 01 2022 00:00:00 GMT+0000 (Coordinated Universal Time)
604	401	365	Fri Apr 01 2022 00:00:00 GMT+0000 (Coordinated Universal Time)
605	401	363	Fri Apr 01 2022 00:00:00 GMT+0000 (Coordinated Universal Time)
606	401	404	Fri Apr 01 2022 00:00:00 GMT+0000 (Coordinated Universal Time)
607	401	371	Fri Apr 01 2022 00:00:00 GMT+0000 (Coordinated Universal Time)
608	401	580	Fri Apr 01 2022 00:00:00 GMT+0000 (Coordinated Universal Time)
609	401	369	Fri Apr 01 2022 00:00:00 GMT+0000 (Coordinated Universal Time)
610	401	370	Fri Apr 01 2022 00:00:00 GMT+0000 (Coordinated Universal Time)
612	385	635	Fri Apr 01 2022 00:00:00 GMT+0000 (Coordinated Universal Time)
613	635	361	Fri Apr 01 2022 00:00:00 GMT+0000 (Coordinated Universal Time)
614	635	367	Fri Apr 01 2022 00:00:00 GMT+0000 (Coordinated Universal Time)
615	120	631	Fri Apr 01 2022 00:00:00 GMT+0000 (Coordinated Universal Time)
616	120	632	Fri Apr 01 2022 00:00:00 GMT+0000 (Coordinated Universal Time)
617	120	630	Fri Apr 01 2022 00:00:00 GMT+0000 (Coordinated Universal Time)
618	604	629	Fri Apr 01 2022 00:00:00 GMT+0000 (Coordinated Universal Time)
621	599	637	Fri Apr 01 2022 00:00:00 GMT+0000 (Coordinated Universal Time)
622	599	638	Fri Apr 01 2022 00:00:00 GMT+0000 (Coordinated Universal Time)
623	628	641	Fri Apr 01 2022 00:00:00 GMT+0000 (Coordinated Universal Time)
624	627	642	Fri Apr 01 2022 00:00:00 GMT+0000 (Coordinated Universal Time)
625	599	643	Fri Apr 01 2022 00:00:00 GMT+0000 (Coordinated Universal Time)
626	599	644	Fri Apr 01 2022 00:00:00 GMT+0000 (Coordinated Universal Time)
627	645	640	Fri Apr 01 2022 00:00:00 GMT+0000 (Coordinated Universal Time)
628	604	645	Fri Apr 01 2022 00:00:00 GMT+0000 (Coordinated Universal Time)
629	645	646	Fri Apr 01 2022 00:00:00 GMT+0000 (Coordinated Universal Time)
630	628	647	Fri Apr 01 2022 00:00:00 GMT+0000 (Coordinated Universal Time)
631	627	648	Fri Apr 01 2022 00:00:00 GMT+0000 (Coordinated Universal Time)
633	351	639	Fri Apr 01 2022 00:00:00 GMT+0000 (Coordinated Universal Time)
634	338	649	Fri Apr 01 2022 00:00:00 GMT+0000 (Coordinated Universal Time)
635	338	650	Fri Apr 01 2022 00:00:00 GMT+0000 (Coordinated Universal Time)
636	606	651	Fri Apr 01 2022 00:00:00 GMT+0000 (Coordinated Universal Time)
637	606	653	Fri Apr 01 2022 00:00:00 GMT+0000 (Coordinated Universal Time)
638	606	652	Fri Apr 01 2022 00:00:00 GMT+0000 (Coordinated Universal Time)
639	606	654	Fri Apr 01 2022 00:00:00 GMT+0000 (Coordinated Universal Time)
640	531	655	Fri Apr 01 2022 00:00:00 GMT+0000 (Coordinated Universal Time)
641	582	657	Fri Apr 01 2022 00:00:00 GMT+0000 (Coordinated Universal Time)
643	581	658	Fri Apr 01 2022 00:00:00 GMT+0000 (Coordinated Universal Time)
644	588	659	Fri Apr 01 2022 00:00:00 GMT+0000 (Coordinated Universal Time)
645	587	660	Fri Apr 01 2022 00:00:00 GMT+0000 (Coordinated Universal Time)
647	340	662	Fri Apr 01 2022 00:00:00 GMT+0000 (Coordinated Universal Time)
648	662	661	Fri Apr 01 2022 00:00:00 GMT+0000 (Coordinated Universal Time)
649	662	663	Fri Apr 01 2022 00:00:00 GMT+0000 (Coordinated Universal Time)
650	603	664	Fri Apr 01 2022 00:00:00 GMT+0000 (Coordinated Universal Time)
651	601	665	Fri Apr 01 2022 00:00:00 GMT+0000 (Coordinated Universal Time)
652	601	666	Fri Apr 01 2022 00:00:00 GMT+0000 (Coordinated Universal Time)
653	601	667	Fri Apr 01 2022 00:00:00 GMT+0000 (Coordinated Universal Time)
655	340	670	Fri Apr 01 2022 00:00:00 GMT+0000 (Coordinated Universal Time)
656	670	668	Fri Apr 01 2022 00:00:00 GMT+0000 (Coordinated Universal Time)
657	670	669	Fri Apr 01 2022 00:00:00 GMT+0000 (Coordinated Universal Time)
658	627	671	Fri Apr 01 2022 00:00:00 GMT+0000 (Coordinated Universal Time)
659	624	672	Fri Apr 01 2022 00:00:00 GMT+0000 (Coordinated Universal Time)
660	624	674	Fri Apr 01 2022 00:00:00 GMT+0000 (Coordinated Universal Time)
661	624	673	Fri Apr 01 2022 00:00:00 GMT+0000 (Coordinated Universal Time)
662	628	675	Fri Apr 01 2022 00:00:00 GMT+0000 (Coordinated Universal Time)
663	628	676	Fri Apr 01 2022 00:00:00 GMT+0000 (Coordinated Universal Time)
664	346	677	Fri Apr 01 2022 00:00:00 GMT+0000 (Coordinated Universal Time)
665	346	678	Fri Apr 01 2022 00:00:00 GMT+0000 (Coordinated Universal Time)
666	346	679	Fri Apr 01 2022 00:00:00 GMT+0000 (Coordinated Universal Time)
667	346	680	Fri Apr 01 2022 00:00:00 GMT+0000 (Coordinated Universal Time)
668	346	681	Fri Apr 01 2022 00:00:00 GMT+0000 (Coordinated Universal Time)
669	346	682	Fri Apr 01 2022 00:00:00 GMT+0000 (Coordinated Universal Time)
670	346	683	Fri Apr 01 2022 00:00:00 GMT+0000 (Coordinated Universal Time)
671	346	684	Fri Apr 01 2022 00:00:00 GMT+0000 (Coordinated Universal Time)
672	419	685	Fri Apr 01 2022 00:00:00 GMT+0000 (Coordinated Universal Time)
673	419	686	Fri Apr 01 2022 00:00:00 GMT+0000 (Coordinated Universal Time)
674	385	687	Wed May 01 2024 00:00:00 GMT+0000 (Coordinated Universal Time)
675	687	688	Fri Apr 01 2022 00:00:00 GMT+0000 (Coordinated Universal Time)
707	706	699	Fri Apr 01 2022 00:00:00 GMT+0000 (Coordinated Universal Time)
713	709	705	Fri Apr 01 2022 00:00:00 GMT+0000 (Coordinated Universal Time)
714	709	706	Fri Apr 01 2022 00:00:00 GMT+0000 (Coordinated Universal Time)
716	709	708	Fri Apr 01 2022 00:00:00 GMT+0000 (Coordinated Universal Time)
718	582	710	Fri Apr 01 2022 00:00:00 GMT+0000 (Coordinated Universal Time)
723	687	720	Fri Apr 01 2022 00:00:00 GMT+0000 (Coordinated Universal Time)
729	687	719	Fri Apr 01 2022 00:00:00 GMT+0000 (Coordinated Universal Time)
730	687	718	Fri Apr 01 2022 00:00:00 GMT+0000 (Coordinated Universal Time)
731	687	717	Fri Apr 01 2022 00:00:00 GMT+0000 (Coordinated Universal Time)
732	687	716	Fri Apr 01 2022 00:00:00 GMT+0000 (Coordinated Universal Time)
733	687	715	Fri Apr 01 2022 00:00:00 GMT+0000 (Coordinated Universal Time)
734	687	721	Fri Apr 01 2022 00:00:00 GMT+0000 (Coordinated Universal Time)
735	687	722	Fri Apr 01 2022 00:00:00 GMT+0000 (Coordinated Universal Time)
736	687	723	Fri Apr 01 2022 00:00:00 GMT+0000 (Coordinated Universal Time)
737	687	724	Fri Apr 01 2022 00:00:00 GMT+0000 (Coordinated Universal Time)
738	687	725	Fri Apr 01 2022 00:00:00 GMT+0000 (Coordinated Universal Time)
739	687	726	Fri Apr 01 2022 00:00:00 GMT+0000 (Coordinated Universal Time)
740	582	727	Fri Apr 01 2022 00:00:00 GMT+0000 (Coordinated Universal Time)
741	582	728	Fri Apr 01 2022 00:00:00 GMT+0000 (Coordinated Universal Time)
742	401	396	Fri Apr 01 2022 00:00:00 GMT+0000 (Coordinated Universal Time)
743	401	394	Fri Apr 01 2022 00:00:00 GMT+0000 (Coordinated Universal Time)
744	578	730	Fri Apr 01 2022 00:00:00 GMT+0000 (Coordinated Universal Time)
745	531	731	Fri Apr 01 2022 00:00:00 GMT+0000 (Coordinated Universal Time)
746	348	732	Fri Apr 01 2022 00:00:00 GMT+0000 (Coordinated Universal Time)
747	338	733	Fri Apr 01 2022 00:00:00 GMT+0000 (Coordinated Universal Time)
748	606	734	Fri Apr 01 2022 00:00:00 GMT+0000 (Coordinated Universal Time)
749	582	735	Fri Apr 01 2022 00:00:00 GMT+0000 (Coordinated Universal Time)
751	603	736	Fri Apr 01 2022 00:00:00 GMT+0000 (Coordinated Universal Time)
753	215	740	Fri Apr 01 2022 00:00:00 GMT+0000 (Coordinated Universal Time)
754	215	738	Fri Apr 01 2022 00:00:00 GMT+0000 (Coordinated Universal Time)
755	260	741	Fri Apr 01 2022 00:00:00 GMT+0000 (Coordinated Universal Time)
756	260	739	Fri Apr 01 2022 00:00:00 GMT+0000 (Coordinated Universal Time)
757	349	742	Fri Apr 01 2022 00:00:00 GMT+0000 (Coordinated Universal Time)
758	743	415	Fri Apr 01 2022 00:00:00 GMT+0000 (Coordinated Universal Time)
759	743	413	Fri Apr 01 2022 00:00:00 GMT+0000 (Coordinated Universal Time)
760	743	414	Fri Apr 01 2022 00:00:00 GMT+0000 (Coordinated Universal Time)
761	743	729	Fri Apr 01 2022 00:00:00 GMT+0000 (Coordinated Universal Time)
762	743	416	Fri Apr 01 2022 00:00:00 GMT+0000 (Coordinated Universal Time)
763	743	709	Fri Apr 01 2022 00:00:00 GMT+0000 (Coordinated Universal Time)
764	604	744	Fri Apr 01 2022 00:00:00 GMT+0000 (Coordinated Universal Time)
765	634	746	Fri Apr 01 2022 00:00:00 GMT+0000 (Coordinated Universal Time)
766	634	745	Fri Apr 01 2022 00:00:00 GMT+0000 (Coordinated Universal Time)
2077	2060	598	Fri Apr 01 2022 00:00:00 GMT+0000 (Coordinated Universal Time)
2078	2060	401	Fri Apr 01 2022 00:00:00 GMT+0000 (Coordinated Universal Time)
2079	598	747	Fri Apr 01 2022 00:00:00 GMT+0000 (Coordinated Universal Time)
2080	598	353	Fri Apr 01 2022 00:00:00 GMT+0000 (Coordinated Universal Time)
2081	353	351	Fri Apr 01 2022 00:00:00 GMT+0000 (Coordinated Universal Time)
2082	353	352	Fri Apr 01 2022 00:00:00 GMT+0000 (Coordinated Universal Time)
2084	2072	2068	Fri Apr 01 2022 00:00:00 GMT+0000 (Coordinated Universal Time)
2085	2072	2067	Fri Apr 01 2022 00:00:00 GMT+0000 (Coordinated Universal Time)
2086	2072	2066	Fri Apr 01 2022 00:00:00 GMT+0000 (Coordinated Universal Time)
2087	2072	2065	Fri Apr 01 2022 00:00:00 GMT+0000 (Coordinated Universal Time)
2088	2072	2064	Fri Apr 01 2022 00:00:00 GMT+0000 (Coordinated Universal Time)
2089	2072	2063	Fri Apr 01 2022 00:00:00 GMT+0000 (Coordinated Universal Time)
2090	2072	2062	Fri Apr 01 2022 00:00:00 GMT+0000 (Coordinated Universal Time)
2091	2072	2061	Fri Apr 01 2022 00:00:00 GMT+0000 (Coordinated Universal Time)
2092	2072	2073	Fri Apr 01 2022 00:00:00 GMT+0000 (Coordinated Universal Time)
2093	2072	2074	Fri Apr 01 2022 00:00:00 GMT+0000 (Coordinated Universal Time)
2095	2072	2071	Fri Apr 01 2022 00:00:00 GMT+0000 (Coordinated Universal Time)
2096	338	2075	Fri Apr 01 2022 00:00:00 GMT+0000 (Coordinated Universal Time)
2097	582	2076	Fri Apr 01 2022 00:00:00 GMT+0000 (Coordinated Universal Time)
2100	2079	2078	Fri Apr 01 2022 00:00:00 GMT+0000 (Coordinated Universal Time)
2101	2079	713	Fri Apr 01 2022 00:00:00 GMT+0000 (Coordinated Universal Time)
2102	2079	163	Fri Apr 01 2022 00:00:00 GMT+0000 (Coordinated Universal Time)
2103	2079	712	Fri Apr 01 2022 00:00:00 GMT+0000 (Coordinated Universal Time)
2104	2079	711	Fri Apr 01 2022 00:00:00 GMT+0000 (Coordinated Universal Time)
2106	531	2081	Fri Apr 01 2022 00:00:00 GMT+0000 (Coordinated Universal Time)
2107	385	2072	Fri Apr 01 2022 00:00:00 GMT+0000 (Coordinated Universal Time)
2108	578	576	Fri Apr 01 2022 00:00:00 GMT+0000 (Coordinated Universal Time)
2109	601	2083	Fri Apr 01 2022 00:00:00 GMT+0000 (Coordinated Universal Time)
2110	645	205	Fri Apr 01 2022 00:00:00 GMT+0000 (Coordinated Universal Time)
2111	634	2084	Fri Apr 01 2022 00:00:00 GMT+0000 (Coordinated Universal Time)
2112	2072	2085	Fri Apr 01 2022 00:00:00 GMT+0000 (Coordinated Universal Time)
2113	531	2086	Fri Apr 01 2022 00:00:00 GMT+0000 (Coordinated Universal Time)
2114	350	2087	Fri Apr 01 2022 00:00:00 GMT+0000 (Coordinated Universal Time)
2115	350	2088	Fri Apr 01 2022 00:00:00 GMT+0000 (Coordinated Universal Time)
2116	590	2089	Fri Apr 01 2022 00:00:00 GMT+0000 (Coordinated Universal Time)
2117	2089	2090	Fri Apr 01 2022 00:00:00 GMT+0000 (Coordinated Universal Time)
2118	344	2091	Fri Apr 01 2022 00:00:00 GMT+0000 (Coordinated Universal Time)
2119	344	2092	Fri Apr 01 2022 00:00:00 GMT+0000 (Coordinated Universal Time)
2120	338	2093	Fri Apr 01 2022 00:00:00 GMT+0000 (Coordinated Universal Time)
2121	608	2094	Fri Apr 01 2022 00:00:00 GMT+0000 (Coordinated Universal Time)
2122	2072	2095	Fri Apr 01 2022 00:00:00 GMT+0000 (Coordinated Universal Time)
2123	578	2097	Fri Apr 01 2022 00:00:00 GMT+0000 (Coordinated Universal Time)
2124	578	2098	Fri Apr 01 2022 00:00:00 GMT+0000 (Coordinated Universal Time)
2125	578	2099	Fri Apr 01 2022 00:00:00 GMT+0000 (Coordinated Universal Time)
2126	578	2100	Fri Apr 01 2022 00:00:00 GMT+0000 (Coordinated Universal Time)
2127	578	2101	Fri Apr 01 2022 00:00:00 GMT+0000 (Coordinated Universal Time)
2128	578	2103	Fri Apr 01 2022 00:00:00 GMT+0000 (Coordinated Universal Time)
2132	578	2104	Fri Apr 01 2022 00:00:00 GMT+0000 (Coordinated Universal Time)
2133	578	2105	Fri Apr 01 2022 00:00:00 GMT+0000 (Coordinated Universal Time)
2134	578	2106	Fri Apr 01 2022 00:00:00 GMT+0000 (Coordinated Universal Time)
2135	2072	2070	Fri Apr 01 2022 00:00:00 GMT+0000 (Coordinated Universal Time)
2136	2072	2069	Fri Apr 01 2022 00:00:00 GMT+0000 (Coordinated Universal Time)
2137	343	2079	Fri Apr 01 2022 00:00:00 GMT+0000 (Coordinated Universal Time)
2564	748	2962	Fri Apr 01 2022 00:00:00 GMT+0000 (Coordinated Universal Time)
2565	595	2962	Fri Apr 01 2022 00:00:00 GMT+0000 (Coordinated Universal Time)
2994	596	639	Fri Apr 01 2022 00:00:00 GMT+0000 (Coordinated Universal Time)
2995	596	636	Fri Apr 01 2022 00:00:00 GMT+0000 (Coordinated Universal Time)
2996	2962	2963	Fri Apr 01 2022 00:00:00 GMT+0000 (Coordinated Universal Time)
2997	2962	2964	Fri Apr 01 2022 00:00:00 GMT+0000 (Coordinated Universal Time)
2998	2962	2965	Fri Apr 01 2022 00:00:00 GMT+0000 (Coordinated Universal Time)
2999	2962	2966	Fri Apr 01 2022 00:00:00 GMT+0000 (Coordinated Universal Time)
3000	2962	2967	Fri Apr 01 2022 00:00:00 GMT+0000 (Coordinated Universal Time)
3001	2962	2968	Fri Apr 01 2022 00:00:00 GMT+0000 (Coordinated Universal Time)
3002	2962	2969	Fri Apr 01 2022 00:00:00 GMT+0000 (Coordinated Universal Time)
3003	2962	2970	Fri Apr 01 2022 00:00:00 GMT+0000 (Coordinated Universal Time)
3004	2962	2971	Fri Apr 01 2022 00:00:00 GMT+0000 (Coordinated Universal Time)
3005	2962	2972	Fri Apr 01 2022 00:00:00 GMT+0000 (Coordinated Universal Time)
3006	2962	2973	Fri Apr 01 2022 00:00:00 GMT+0000 (Coordinated Universal Time)
3007	2962	2974	Fri Apr 01 2022 00:00:00 GMT+0000 (Coordinated Universal Time)
3008	2962	2975	Fri Apr 01 2022 00:00:00 GMT+0000 (Coordinated Universal Time)
3009	2962	2976	Fri Apr 01 2022 00:00:00 GMT+0000 (Coordinated Universal Time)
3010	2962	2989	Fri Apr 01 2022 00:00:00 GMT+0000 (Coordinated Universal Time)
3011	2962	2990	Fri Apr 01 2022 00:00:00 GMT+0000 (Coordinated Universal Time)
3012	2962	2991	Fri Apr 01 2022 00:00:00 GMT+0000 (Coordinated Universal Time)
3013	2962	2992	Fri Apr 01 2022 00:00:00 GMT+0000 (Coordinated Universal Time)
3014	2962	2993	Fri Apr 01 2022 00:00:00 GMT+0000 (Coordinated Universal Time)
3015	2962	2994	Fri Apr 01 2022 00:00:00 GMT+0000 (Coordinated Universal Time)
3016	2962	2995	Fri Apr 01 2022 00:00:00 GMT+0000 (Coordinated Universal Time)
3017	2962	2996	Fri Apr 01 2022 00:00:00 GMT+0000 (Coordinated Universal Time)
3018	2962	2997	Fri Apr 01 2022 00:00:00 GMT+0000 (Coordinated Universal Time)
3019	2962	2998	Fri Apr 01 2022 00:00:00 GMT+0000 (Coordinated Universal Time)
3020	2962	2999	Fri Apr 01 2022 00:00:00 GMT+0000 (Coordinated Universal Time)
3021	2962	3000	Fri Apr 01 2022 00:00:00 GMT+0000 (Coordinated Universal Time)
3022	2962	3001	Fri Apr 01 2022 00:00:00 GMT+0000 (Coordinated Universal Time)
3023	2962	3002	Fri Apr 01 2022 00:00:00 GMT+0000 (Coordinated Universal Time)
3024	2962	3003	Fri Apr 01 2022 00:00:00 GMT+0000 (Coordinated Universal Time)
3025	2962	3004	Fri Apr 01 2022 00:00:00 GMT+0000 (Coordinated Universal Time)
3026	2962	3005	Fri Apr 01 2022 00:00:00 GMT+0000 (Coordinated Universal Time)
3027	2962	3006	Fri Apr 01 2022 00:00:00 GMT+0000 (Coordinated Universal Time)
3028	2962	3007	Fri Apr 01 2022 00:00:00 GMT+0000 (Coordinated Universal Time)
3029	2962	3008	Fri Apr 01 2022 00:00:00 GMT+0000 (Coordinated Universal Time)
3030	2962	3017	Fri Apr 01 2022 00:00:00 GMT+0000 (Coordinated Universal Time)
3031	2962	3018	Fri Apr 01 2022 00:00:00 GMT+0000 (Coordinated Universal Time)
3032	2962	3019	Fri Apr 01 2022 00:00:00 GMT+0000 (Coordinated Universal Time)
3033	2962	3020	Fri Apr 01 2022 00:00:00 GMT+0000 (Coordinated Universal Time)
3034	2962	3021	Fri Apr 01 2022 00:00:00 GMT+0000 (Coordinated Universal Time)
3035	2962	3022	Fri Apr 01 2022 00:00:00 GMT+0000 (Coordinated Universal Time)
3036	2962	3023	Fri Apr 01 2022 00:00:00 GMT+0000 (Coordinated Universal Time)
3037	2962	3024	Fri Apr 01 2022 00:00:00 GMT+0000 (Coordinated Universal Time)
3038	2962	3025	Fri Apr 01 2022 00:00:00 GMT+0000 (Coordinated Universal Time)
3039	2962	3026	Fri Apr 01 2022 00:00:00 GMT+0000 (Coordinated Universal Time)
3040	2962	3027	Fri Apr 01 2022 00:00:00 GMT+0000 (Coordinated Universal Time)
3041	2962	3028	Fri Apr 01 2022 00:00:00 GMT+0000 (Coordinated Universal Time)
3042	2962	3029	Fri Apr 01 2022 00:00:00 GMT+0000 (Coordinated Universal Time)
3043	2962	3030	Fri Apr 01 2022 00:00:00 GMT+0000 (Coordinated Universal Time)
3044	2962	3031	Fri Apr 01 2022 00:00:00 GMT+0000 (Coordinated Universal Time)
3045	2962	3039	Fri Apr 01 2022 00:00:00 GMT+0000 (Coordinated Universal Time)
3046	2962	3040	Fri Apr 01 2022 00:00:00 GMT+0000 (Coordinated Universal Time)
3047	2962	3041	Fri Apr 01 2022 00:00:00 GMT+0000 (Coordinated Universal Time)
3048	2962	3042	Fri Apr 01 2022 00:00:00 GMT+0000 (Coordinated Universal Time)
3049	2962	3049	Fri Apr 01 2022 00:00:00 GMT+0000 (Coordinated Universal Time)
3050	2962	3062	Fri Apr 01 2022 00:00:00 GMT+0000 (Coordinated Universal Time)
3051	2962	3063	Fri Apr 01 2022 00:00:00 GMT+0000 (Coordinated Universal Time)
3052	2962	3067	Fri Apr 01 2022 00:00:00 GMT+0000 (Coordinated Universal Time)
3053	2962	3072	Fri Apr 01 2022 00:00:00 GMT+0000 (Coordinated Universal Time)
3054	2962	3073	Fri Apr 01 2022 00:00:00 GMT+0000 (Coordinated Universal Time)
3055	2962	3074	Fri Apr 01 2022 00:00:00 GMT+0000 (Coordinated Universal Time)
3056	2962	3075	Fri Apr 01 2022 00:00:00 GMT+0000 (Coordinated Universal Time)
3057	2962	3087	Fri Apr 01 2022 00:00:00 GMT+0000 (Coordinated Universal Time)
3058	2962	3090	Fri Apr 01 2022 00:00:00 GMT+0000 (Coordinated Universal Time)
3059	2962	3091	Fri Apr 01 2022 00:00:00 GMT+0000 (Coordinated Universal Time)
3060	2962	3126	Fri Apr 01 2022 00:00:00 GMT+0000 (Coordinated Universal Time)
3061	2962	3128	Fri Apr 01 2022 00:00:00 GMT+0000 (Coordinated Universal Time)
3062	2962	3129	Fri Apr 01 2022 00:00:00 GMT+0000 (Coordinated Universal Time)
3063	2962	3130	Fri Apr 01 2022 00:00:00 GMT+0000 (Coordinated Universal Time)
3064	2962	3131	Fri Apr 01 2022 00:00:00 GMT+0000 (Coordinated Universal Time)
3065	2962	3132	Fri Apr 01 2022 00:00:00 GMT+0000 (Coordinated Universal Time)
3066	2962	3133	Fri Apr 01 2022 00:00:00 GMT+0000 (Coordinated Universal Time)
3067	2962	3134	Fri Apr 01 2022 00:00:00 GMT+0000 (Coordinated Universal Time)
3068	2962	3135	Fri Apr 01 2022 00:00:00 GMT+0000 (Coordinated Universal Time)
3069	2962	3139	Fri Apr 01 2022 00:00:00 GMT+0000 (Coordinated Universal Time)
3070	2962	3140	Fri Apr 01 2022 00:00:00 GMT+0000 (Coordinated Universal Time)
3071	2962	3141	Fri Apr 01 2022 00:00:00 GMT+0000 (Coordinated Universal Time)
3072	2962	3155	Fri Apr 01 2022 00:00:00 GMT+0000 (Coordinated Universal Time)
3073	2962	3156	Fri Apr 01 2022 00:00:00 GMT+0000 (Coordinated Universal Time)
3074	2962	3160	Fri Apr 01 2022 00:00:00 GMT+0000 (Coordinated Universal Time)
3075	2962	3161	Fri Apr 01 2022 00:00:00 GMT+0000 (Coordinated Universal Time)
3076	2962	3165	Fri Apr 01 2022 00:00:00 GMT+0000 (Coordinated Universal Time)
3077	2962	3166	Fri Apr 01 2022 00:00:00 GMT+0000 (Coordinated Universal Time)
3078	2962	3167	Fri Apr 01 2022 00:00:00 GMT+0000 (Coordinated Universal Time)
3079	2962	3168	Fri Apr 01 2022 00:00:00 GMT+0000 (Coordinated Universal Time)
3080	2962	3176	Fri Apr 01 2022 00:00:00 GMT+0000 (Coordinated Universal Time)
3081	2962	3177	Fri Apr 01 2022 00:00:00 GMT+0000 (Coordinated Universal Time)
3082	2962	3178	Fri Apr 01 2022 00:00:00 GMT+0000 (Coordinated Universal Time)
3083	2962	3179	Fri Apr 01 2022 00:00:00 GMT+0000 (Coordinated Universal Time)
3084	2962	3180	Fri Apr 01 2022 00:00:00 GMT+0000 (Coordinated Universal Time)
3085	2962	3181	Fri Apr 01 2022 00:00:00 GMT+0000 (Coordinated Universal Time)
3086	2962	3182	Fri Apr 01 2022 00:00:00 GMT+0000 (Coordinated Universal Time)
3087	2962	3183	Fri Apr 01 2022 00:00:00 GMT+0000 (Coordinated Universal Time)
3088	2962	3184	Fri Apr 01 2022 00:00:00 GMT+0000 (Coordinated Universal Time)
3089	2962	3185	Fri Apr 01 2022 00:00:00 GMT+0000 (Coordinated Universal Time)
3090	2962	3186	Fri Apr 01 2022 00:00:00 GMT+0000 (Coordinated Universal Time)
3091	2962	3187	Fri Apr 01 2022 00:00:00 GMT+0000 (Coordinated Universal Time)
3092	2962	3188	Fri Apr 01 2022 00:00:00 GMT+0000 (Coordinated Universal Time)
3093	2962	3189	Fri Apr 01 2022 00:00:00 GMT+0000 (Coordinated Universal Time)
3094	2962	3209	Fri Apr 01 2022 00:00:00 GMT+0000 (Coordinated Universal Time)
3095	2962	3210	Fri Apr 01 2022 00:00:00 GMT+0000 (Coordinated Universal Time)
3096	2962	3213	Fri Apr 01 2022 00:00:00 GMT+0000 (Coordinated Universal Time)
3097	2962	3214	Fri Apr 01 2022 00:00:00 GMT+0000 (Coordinated Universal Time)
3098	2962	3216	Fri Apr 01 2022 00:00:00 GMT+0000 (Coordinated Universal Time)
3099	2962	3217	Fri Apr 01 2022 00:00:00 GMT+0000 (Coordinated Universal Time)
3100	2962	3218	Fri Apr 01 2022 00:00:00 GMT+0000 (Coordinated Universal Time)
3101	2962	3219	Fri Apr 01 2022 00:00:00 GMT+0000 (Coordinated Universal Time)
3102	2962	3220	Fri Apr 01 2022 00:00:00 GMT+0000 (Coordinated Universal Time)
3103	2962	3221	Fri Apr 01 2022 00:00:00 GMT+0000 (Coordinated Universal Time)
3104	2962	3222	Fri Apr 01 2022 00:00:00 GMT+0000 (Coordinated Universal Time)
3105	2962	3223	Fri Apr 01 2022 00:00:00 GMT+0000 (Coordinated Universal Time)
3106	2962	3224	Fri Apr 01 2022 00:00:00 GMT+0000 (Coordinated Universal Time)
3107	2962	3225	Fri Apr 01 2022 00:00:00 GMT+0000 (Coordinated Universal Time)
3108	2962	3226	Fri Apr 01 2022 00:00:00 GMT+0000 (Coordinated Universal Time)
3109	2962	3227	Fri Apr 01 2022 00:00:00 GMT+0000 (Coordinated Universal Time)
3110	2962	3228	Fri Apr 01 2022 00:00:00 GMT+0000 (Coordinated Universal Time)
3111	2962	3229	Fri Apr 01 2022 00:00:00 GMT+0000 (Coordinated Universal Time)
3112	2962	3230	Fri Apr 01 2022 00:00:00 GMT+0000 (Coordinated Universal Time)
3113	2962	3244	Fri Apr 01 2022 00:00:00 GMT+0000 (Coordinated Universal Time)
3114	2962	3245	Fri Apr 01 2022 00:00:00 GMT+0000 (Coordinated Universal Time)
3115	2962	3246	Fri Apr 01 2022 00:00:00 GMT+0000 (Coordinated Universal Time)
3116	2962	3247	Fri Apr 01 2022 00:00:00 GMT+0000 (Coordinated Universal Time)
3117	2962	3248	Fri Apr 01 2022 00:00:00 GMT+0000 (Coordinated Universal Time)
3118	2962	3249	Fri Apr 01 2022 00:00:00 GMT+0000 (Coordinated Universal Time)
3119	2962	3250	Fri Apr 01 2022 00:00:00 GMT+0000 (Coordinated Universal Time)
3120	2962	3251	Fri Apr 01 2022 00:00:00 GMT+0000 (Coordinated Universal Time)
3121	2962	3262	Fri Apr 01 2022 00:00:00 GMT+0000 (Coordinated Universal Time)
3122	2962	3263	Fri Apr 01 2022 00:00:00 GMT+0000 (Coordinated Universal Time)
3123	2962	3264	Fri Apr 01 2022 00:00:00 GMT+0000 (Coordinated Universal Time)
3124	2962	3287	Fri Apr 01 2022 00:00:00 GMT+0000 (Coordinated Universal Time)
3125	2962	3291	Fri Apr 01 2022 00:00:00 GMT+0000 (Coordinated Universal Time)
3126	2962	3292	Fri Apr 01 2022 00:00:00 GMT+0000 (Coordinated Universal Time)
3127	2962	3296	Fri Apr 01 2022 00:00:00 GMT+0000 (Coordinated Universal Time)
3128	2962	3297	Fri Apr 01 2022 00:00:00 GMT+0000 (Coordinated Universal Time)
3129	2962	3298	Fri Apr 01 2022 00:00:00 GMT+0000 (Coordinated Universal Time)
3130	2962	3299	Fri Apr 01 2022 00:00:00 GMT+0000 (Coordinated Universal Time)
3131	2962	3300	Fri Apr 01 2022 00:00:00 GMT+0000 (Coordinated Universal Time)
3132	2962	3301	Fri Apr 01 2022 00:00:00 GMT+0000 (Coordinated Universal Time)
3133	2962	3302	Fri Apr 01 2022 00:00:00 GMT+0000 (Coordinated Universal Time)
3134	2962	3303	Fri Apr 01 2022 00:00:00 GMT+0000 (Coordinated Universal Time)
3135	2962	3304	Fri Apr 01 2022 00:00:00 GMT+0000 (Coordinated Universal Time)
3136	2962	3305	Fri Apr 01 2022 00:00:00 GMT+0000 (Coordinated Universal Time)
3137	2962	3306	Fri Apr 01 2022 00:00:00 GMT+0000 (Coordinated Universal Time)
3138	2962	3308	Fri Apr 01 2022 00:00:00 GMT+0000 (Coordinated Universal Time)
3139	2962	3309	Fri Apr 01 2022 00:00:00 GMT+0000 (Coordinated Universal Time)
3140	2962	3310	Fri Apr 01 2022 00:00:00 GMT+0000 (Coordinated Universal Time)
3141	2962	3311	Fri Apr 01 2022 00:00:00 GMT+0000 (Coordinated Universal Time)
3142	2962	3312	Fri Apr 01 2022 00:00:00 GMT+0000 (Coordinated Universal Time)
3143	2962	3313	Fri Apr 01 2022 00:00:00 GMT+0000 (Coordinated Universal Time)
3144	2962	3314	Fri Apr 01 2022 00:00:00 GMT+0000 (Coordinated Universal Time)
3145	2962	3315	Fri Apr 01 2022 00:00:00 GMT+0000 (Coordinated Universal Time)
3146	2962	3316	Fri Apr 01 2022 00:00:00 GMT+0000 (Coordinated Universal Time)
3148	2962	3321	Fri Apr 01 2022 00:00:00 GMT+0000 (Coordinated Universal Time)
3149	2962	3324	Fri Apr 01 2022 00:00:00 GMT+0000 (Coordinated Universal Time)
3150	2962	3325	Fri Apr 01 2022 00:00:00 GMT+0000 (Coordinated Universal Time)
3151	2962	3326	Fri Apr 01 2022 00:00:00 GMT+0000 (Coordinated Universal Time)
3152	2962	3327	Fri Apr 01 2022 00:00:00 GMT+0000 (Coordinated Universal Time)
3153	2962	3328	Fri Apr 01 2022 00:00:00 GMT+0000 (Coordinated Universal Time)
3154	2962	3329	Fri Apr 01 2022 00:00:00 GMT+0000 (Coordinated Universal Time)
3155	2962	3330	Fri Apr 01 2022 00:00:00 GMT+0000 (Coordinated Universal Time)
3156	2962	3331	Fri Apr 01 2022 00:00:00 GMT+0000 (Coordinated Universal Time)
3157	2962	3332	Fri Apr 01 2022 00:00:00 GMT+0000 (Coordinated Universal Time)
3158	2962	3333	Fri Apr 01 2022 00:00:00 GMT+0000 (Coordinated Universal Time)
3159	2962	3334	Fri Apr 01 2022 00:00:00 GMT+0000 (Coordinated Universal Time)
3160	2962	3335	Fri Apr 01 2022 00:00:00 GMT+0000 (Coordinated Universal Time)
3161	2962	3336	Fri Apr 01 2022 00:00:00 GMT+0000 (Coordinated Universal Time)
3162	2962	3337	Fri Apr 01 2022 00:00:00 GMT+0000 (Coordinated Universal Time)
3163	2962	3338	Fri Apr 01 2022 00:00:00 GMT+0000 (Coordinated Universal Time)
3164	2962	3339	Fri Apr 01 2022 00:00:00 GMT+0000 (Coordinated Universal Time)
3165	2962	3340	Fri Apr 01 2022 00:00:00 GMT+0000 (Coordinated Universal Time)
3166	2962	3341	Fri Apr 01 2022 00:00:00 GMT+0000 (Coordinated Universal Time)
3167	2962	3342	Fri Apr 01 2022 00:00:00 GMT+0000 (Coordinated Universal Time)
3168	2962	3343	Fri Apr 01 2022 00:00:00 GMT+0000 (Coordinated Universal Time)
3169	2962	3344	Fri Apr 01 2022 00:00:00 GMT+0000 (Coordinated Universal Time)
3170	2962	3345	Fri Apr 01 2022 00:00:00 GMT+0000 (Coordinated Universal Time)
3171	2962	3346	Fri Apr 01 2022 00:00:00 GMT+0000 (Coordinated Universal Time)
3172	2962	3347	Fri Apr 01 2022 00:00:00 GMT+0000 (Coordinated Universal Time)
3173	2962	3348	Fri Apr 01 2022 00:00:00 GMT+0000 (Coordinated Universal Time)
3174	2962	3352	Fri Apr 01 2022 00:00:00 GMT+0000 (Coordinated Universal Time)
3175	2962	3355	Fri Apr 01 2022 00:00:00 GMT+0000 (Coordinated Universal Time)
3176	2962	3356	Fri Apr 01 2022 00:00:00 GMT+0000 (Coordinated Universal Time)
3177	2962	3357	Fri Apr 01 2022 00:00:00 GMT+0000 (Coordinated Universal Time)
3178	2962	3358	Fri Apr 01 2022 00:00:00 GMT+0000 (Coordinated Universal Time)
3179	2962	3359	Fri Apr 01 2022 00:00:00 GMT+0000 (Coordinated Universal Time)
3180	2962	3360	Fri Apr 01 2022 00:00:00 GMT+0000 (Coordinated Universal Time)
3181	2962	3362	Fri Apr 01 2022 00:00:00 GMT+0000 (Coordinated Universal Time)
3182	2962	3364	Fri Apr 01 2022 00:00:00 GMT+0000 (Coordinated Universal Time)
3183	2962	3365	Fri Apr 01 2022 00:00:00 GMT+0000 (Coordinated Universal Time)
3184	2962	3366	Fri Apr 01 2022 00:00:00 GMT+0000 (Coordinated Universal Time)
3185	2962	3367	Fri Apr 01 2022 00:00:00 GMT+0000 (Coordinated Universal Time)
3186	2962	3368	Fri Apr 01 2022 00:00:00 GMT+0000 (Coordinated Universal Time)
3187	2962	3383	Fri Apr 01 2022 00:00:00 GMT+0000 (Coordinated Universal Time)
3188	2962	3388	Fri Apr 01 2022 00:00:00 GMT+0000 (Coordinated Universal Time)
3189	747	2977	Fri Apr 01 2022 00:00:00 GMT+0000 (Coordinated Universal Time)
3190	747	2978	Fri Apr 01 2022 00:00:00 GMT+0000 (Coordinated Universal Time)
3191	747	2979	Fri Apr 01 2022 00:00:00 GMT+0000 (Coordinated Universal Time)
3192	747	2980	Fri Apr 01 2022 00:00:00 GMT+0000 (Coordinated Universal Time)
3193	747	2981	Fri Apr 01 2022 00:00:00 GMT+0000 (Coordinated Universal Time)
3194	747	2982	Fri Apr 01 2022 00:00:00 GMT+0000 (Coordinated Universal Time)
3195	747	2983	Fri Apr 01 2022 00:00:00 GMT+0000 (Coordinated Universal Time)
3196	747	2984	Fri Apr 01 2022 00:00:00 GMT+0000 (Coordinated Universal Time)
3197	747	2985	Fri Apr 01 2022 00:00:00 GMT+0000 (Coordinated Universal Time)
3198	747	2986	Fri Apr 01 2022 00:00:00 GMT+0000 (Coordinated Universal Time)
3199	747	2987	Fri Apr 01 2022 00:00:00 GMT+0000 (Coordinated Universal Time)
3200	747	2988	Fri Apr 01 2022 00:00:00 GMT+0000 (Coordinated Universal Time)
3201	747	3009	Fri Apr 01 2022 00:00:00 GMT+0000 (Coordinated Universal Time)
3202	747	3010	Fri Apr 01 2022 00:00:00 GMT+0000 (Coordinated Universal Time)
3203	747	3011	Fri Apr 01 2022 00:00:00 GMT+0000 (Coordinated Universal Time)
3204	747	3012	Fri Apr 01 2022 00:00:00 GMT+0000 (Coordinated Universal Time)
3205	747	3013	Fri Apr 01 2022 00:00:00 GMT+0000 (Coordinated Universal Time)
3206	747	3014	Fri Apr 01 2022 00:00:00 GMT+0000 (Coordinated Universal Time)
3207	747	3015	Fri Apr 01 2022 00:00:00 GMT+0000 (Coordinated Universal Time)
3208	747	3016	Fri Apr 01 2022 00:00:00 GMT+0000 (Coordinated Universal Time)
3209	747	3032	Fri Apr 01 2022 00:00:00 GMT+0000 (Coordinated Universal Time)
3210	747	3033	Fri Apr 01 2022 00:00:00 GMT+0000 (Coordinated Universal Time)
3211	747	3034	Fri Apr 01 2022 00:00:00 GMT+0000 (Coordinated Universal Time)
3212	747	3035	Fri Apr 01 2022 00:00:00 GMT+0000 (Coordinated Universal Time)
3213	747	3036	Fri Apr 01 2022 00:00:00 GMT+0000 (Coordinated Universal Time)
3214	747	3037	Fri Apr 01 2022 00:00:00 GMT+0000 (Coordinated Universal Time)
3215	747	3038	Fri Apr 01 2022 00:00:00 GMT+0000 (Coordinated Universal Time)
3216	747	3043	Fri Apr 01 2022 00:00:00 GMT+0000 (Coordinated Universal Time)
3217	747	3044	Fri Apr 01 2022 00:00:00 GMT+0000 (Coordinated Universal Time)
3218	747	3045	Fri Apr 01 2022 00:00:00 GMT+0000 (Coordinated Universal Time)
3219	747	3046	Fri Apr 01 2022 00:00:00 GMT+0000 (Coordinated Universal Time)
3220	747	3047	Fri Apr 01 2022 00:00:00 GMT+0000 (Coordinated Universal Time)
3221	747	3048	Fri Apr 01 2022 00:00:00 GMT+0000 (Coordinated Universal Time)
3222	747	3050	Fri Apr 01 2022 00:00:00 GMT+0000 (Coordinated Universal Time)
3223	747	3051	Fri Apr 01 2022 00:00:00 GMT+0000 (Coordinated Universal Time)
3224	747	3052	Fri Apr 01 2022 00:00:00 GMT+0000 (Coordinated Universal Time)
3225	747	3053	Fri Apr 01 2022 00:00:00 GMT+0000 (Coordinated Universal Time)
3226	747	3054	Fri Apr 01 2022 00:00:00 GMT+0000 (Coordinated Universal Time)
3227	747	3055	Fri Apr 01 2022 00:00:00 GMT+0000 (Coordinated Universal Time)
3228	747	3056	Fri Apr 01 2022 00:00:00 GMT+0000 (Coordinated Universal Time)
3229	747	3057	Fri Apr 01 2022 00:00:00 GMT+0000 (Coordinated Universal Time)
3230	747	3058	Fri Apr 01 2022 00:00:00 GMT+0000 (Coordinated Universal Time)
3231	747	3059	Fri Apr 01 2022 00:00:00 GMT+0000 (Coordinated Universal Time)
3232	747	3060	Fri Apr 01 2022 00:00:00 GMT+0000 (Coordinated Universal Time)
3233	747	3061	Fri Apr 01 2022 00:00:00 GMT+0000 (Coordinated Universal Time)
3234	747	3064	Fri Apr 01 2022 00:00:00 GMT+0000 (Coordinated Universal Time)
3235	747	3065	Fri Apr 01 2022 00:00:00 GMT+0000 (Coordinated Universal Time)
3237	747	3068	Fri Apr 01 2022 00:00:00 GMT+0000 (Coordinated Universal Time)
3238	747	3069	Fri Apr 01 2022 00:00:00 GMT+0000 (Coordinated Universal Time)
3239	747	3070	Fri Apr 01 2022 00:00:00 GMT+0000 (Coordinated Universal Time)
3240	747	3071	Fri Apr 01 2022 00:00:00 GMT+0000 (Coordinated Universal Time)
3241	747	3076	Fri Apr 01 2022 00:00:00 GMT+0000 (Coordinated Universal Time)
3242	747	3077	Fri Apr 01 2022 00:00:00 GMT+0000 (Coordinated Universal Time)
3243	747	3078	Fri Apr 01 2022 00:00:00 GMT+0000 (Coordinated Universal Time)
3244	747	3079	Fri Apr 01 2022 00:00:00 GMT+0000 (Coordinated Universal Time)
3245	747	3080	Fri Apr 01 2022 00:00:00 GMT+0000 (Coordinated Universal Time)
3246	747	3081	Fri Apr 01 2022 00:00:00 GMT+0000 (Coordinated Universal Time)
3247	747	3082	Fri Apr 01 2022 00:00:00 GMT+0000 (Coordinated Universal Time)
3248	747	3083	Fri Apr 01 2022 00:00:00 GMT+0000 (Coordinated Universal Time)
3249	747	3084	Fri Apr 01 2022 00:00:00 GMT+0000 (Coordinated Universal Time)
3250	747	3085	Fri Apr 01 2022 00:00:00 GMT+0000 (Coordinated Universal Time)
3251	747	3086	Fri Apr 01 2022 00:00:00 GMT+0000 (Coordinated Universal Time)
3252	747	3088	Fri Apr 01 2022 00:00:00 GMT+0000 (Coordinated Universal Time)
3253	747	3089	Fri Apr 01 2022 00:00:00 GMT+0000 (Coordinated Universal Time)
3254	747	3092	Fri Apr 01 2022 00:00:00 GMT+0000 (Coordinated Universal Time)
3255	747	3093	Fri Apr 01 2022 00:00:00 GMT+0000 (Coordinated Universal Time)
3256	747	3094	Fri Apr 01 2022 00:00:00 GMT+0000 (Coordinated Universal Time)
3257	747	3095	Fri Apr 01 2022 00:00:00 GMT+0000 (Coordinated Universal Time)
3258	747	3096	Fri Apr 01 2022 00:00:00 GMT+0000 (Coordinated Universal Time)
3259	747	3097	Fri Apr 01 2022 00:00:00 GMT+0000 (Coordinated Universal Time)
3260	747	3098	Fri Apr 01 2022 00:00:00 GMT+0000 (Coordinated Universal Time)
3261	747	3099	Fri Apr 01 2022 00:00:00 GMT+0000 (Coordinated Universal Time)
3262	747	3100	Fri Apr 01 2022 00:00:00 GMT+0000 (Coordinated Universal Time)
3263	747	3101	Fri Apr 01 2022 00:00:00 GMT+0000 (Coordinated Universal Time)
3264	747	3102	Fri Apr 01 2022 00:00:00 GMT+0000 (Coordinated Universal Time)
3265	747	3103	Fri Apr 01 2022 00:00:00 GMT+0000 (Coordinated Universal Time)
3266	747	3104	Fri Apr 01 2022 00:00:00 GMT+0000 (Coordinated Universal Time)
3267	747	3105	Fri Apr 01 2022 00:00:00 GMT+0000 (Coordinated Universal Time)
3268	747	3106	Fri Apr 01 2022 00:00:00 GMT+0000 (Coordinated Universal Time)
3269	747	3107	Fri Apr 01 2022 00:00:00 GMT+0000 (Coordinated Universal Time)
3270	747	3108	Fri Apr 01 2022 00:00:00 GMT+0000 (Coordinated Universal Time)
3271	747	3109	Fri Apr 01 2022 00:00:00 GMT+0000 (Coordinated Universal Time)
3272	747	3110	Fri Apr 01 2022 00:00:00 GMT+0000 (Coordinated Universal Time)
3273	747	3111	Fri Apr 01 2022 00:00:00 GMT+0000 (Coordinated Universal Time)
3274	747	3112	Fri Apr 01 2022 00:00:00 GMT+0000 (Coordinated Universal Time)
3275	747	3113	Fri Apr 01 2022 00:00:00 GMT+0000 (Coordinated Universal Time)
3276	747	3114	Fri Apr 01 2022 00:00:00 GMT+0000 (Coordinated Universal Time)
3277	747	3115	Fri Apr 01 2022 00:00:00 GMT+0000 (Coordinated Universal Time)
3278	747	3116	Fri Apr 01 2022 00:00:00 GMT+0000 (Coordinated Universal Time)
3279	747	3117	Fri Apr 01 2022 00:00:00 GMT+0000 (Coordinated Universal Time)
3280	747	3118	Fri Apr 01 2022 00:00:00 GMT+0000 (Coordinated Universal Time)
3281	747	3119	Fri Apr 01 2022 00:00:00 GMT+0000 (Coordinated Universal Time)
3282	747	3120	Fri Apr 01 2022 00:00:00 GMT+0000 (Coordinated Universal Time)
3283	747	3121	Fri Apr 01 2022 00:00:00 GMT+0000 (Coordinated Universal Time)
3284	747	3122	Fri Apr 01 2022 00:00:00 GMT+0000 (Coordinated Universal Time)
3285	747	3123	Fri Apr 01 2022 00:00:00 GMT+0000 (Coordinated Universal Time)
3286	747	3124	Fri Apr 01 2022 00:00:00 GMT+0000 (Coordinated Universal Time)
3287	747	3125	Fri Apr 01 2022 00:00:00 GMT+0000 (Coordinated Universal Time)
3288	747	3127	Fri Apr 01 2022 00:00:00 GMT+0000 (Coordinated Universal Time)
3289	747	3136	Fri Apr 01 2022 00:00:00 GMT+0000 (Coordinated Universal Time)
3290	747	3137	Fri Apr 01 2022 00:00:00 GMT+0000 (Coordinated Universal Time)
3291	747	3138	Fri Apr 01 2022 00:00:00 GMT+0000 (Coordinated Universal Time)
3292	747	3142	Fri Apr 01 2022 00:00:00 GMT+0000 (Coordinated Universal Time)
3293	747	3143	Fri Apr 01 2022 00:00:00 GMT+0000 (Coordinated Universal Time)
3294	747	3144	Fri Apr 01 2022 00:00:00 GMT+0000 (Coordinated Universal Time)
3295	747	3145	Fri Apr 01 2022 00:00:00 GMT+0000 (Coordinated Universal Time)
3296	747	3146	Fri Apr 01 2022 00:00:00 GMT+0000 (Coordinated Universal Time)
3297	747	3147	Fri Apr 01 2022 00:00:00 GMT+0000 (Coordinated Universal Time)
3298	747	3148	Fri Apr 01 2022 00:00:00 GMT+0000 (Coordinated Universal Time)
3299	747	3149	Fri Apr 01 2022 00:00:00 GMT+0000 (Coordinated Universal Time)
3300	747	3150	Fri Apr 01 2022 00:00:00 GMT+0000 (Coordinated Universal Time)
3301	747	3151	Fri Apr 01 2022 00:00:00 GMT+0000 (Coordinated Universal Time)
3302	747	3152	Fri Apr 01 2022 00:00:00 GMT+0000 (Coordinated Universal Time)
3303	747	3153	Fri Apr 01 2022 00:00:00 GMT+0000 (Coordinated Universal Time)
3304	747	3154	Fri Apr 01 2022 00:00:00 GMT+0000 (Coordinated Universal Time)
3305	747	3157	Fri Apr 01 2022 00:00:00 GMT+0000 (Coordinated Universal Time)
3306	747	3158	Fri Apr 01 2022 00:00:00 GMT+0000 (Coordinated Universal Time)
3307	747	3159	Fri Apr 01 2022 00:00:00 GMT+0000 (Coordinated Universal Time)
3308	747	3162	Fri Apr 01 2022 00:00:00 GMT+0000 (Coordinated Universal Time)
3309	747	3163	Fri Apr 01 2022 00:00:00 GMT+0000 (Coordinated Universal Time)
3310	747	3164	Fri Apr 01 2022 00:00:00 GMT+0000 (Coordinated Universal Time)
3311	747	3169	Fri Apr 01 2022 00:00:00 GMT+0000 (Coordinated Universal Time)
3312	747	3170	Fri Apr 01 2022 00:00:00 GMT+0000 (Coordinated Universal Time)
3315	747	3173	Fri Apr 01 2022 00:00:00 GMT+0000 (Coordinated Universal Time)
3316	747	3174	Fri Apr 01 2022 00:00:00 GMT+0000 (Coordinated Universal Time)
3317	747	3175	Fri Apr 01 2022 00:00:00 GMT+0000 (Coordinated Universal Time)
3318	747	3190	Fri Apr 01 2022 00:00:00 GMT+0000 (Coordinated Universal Time)
3319	747	3191	Fri Apr 01 2022 00:00:00 GMT+0000 (Coordinated Universal Time)
3320	747	3192	Fri Apr 01 2022 00:00:00 GMT+0000 (Coordinated Universal Time)
3321	747	3193	Fri Apr 01 2022 00:00:00 GMT+0000 (Coordinated Universal Time)
3322	747	3194	Fri Apr 01 2022 00:00:00 GMT+0000 (Coordinated Universal Time)
3323	747	3195	Fri Apr 01 2022 00:00:00 GMT+0000 (Coordinated Universal Time)
3324	747	3196	Fri Apr 01 2022 00:00:00 GMT+0000 (Coordinated Universal Time)
3325	747	3197	Fri Apr 01 2022 00:00:00 GMT+0000 (Coordinated Universal Time)
3326	747	3198	Fri Apr 01 2022 00:00:00 GMT+0000 (Coordinated Universal Time)
3327	747	3199	Fri Apr 01 2022 00:00:00 GMT+0000 (Coordinated Universal Time)
3328	747	3200	Fri Apr 01 2022 00:00:00 GMT+0000 (Coordinated Universal Time)
3329	747	3201	Fri Apr 01 2022 00:00:00 GMT+0000 (Coordinated Universal Time)
3330	747	3202	Fri Apr 01 2022 00:00:00 GMT+0000 (Coordinated Universal Time)
3331	747	3203	Fri Apr 01 2022 00:00:00 GMT+0000 (Coordinated Universal Time)
3332	747	3204	Fri Apr 01 2022 00:00:00 GMT+0000 (Coordinated Universal Time)
3333	747	3205	Fri Apr 01 2022 00:00:00 GMT+0000 (Coordinated Universal Time)
3334	747	3206	Fri Apr 01 2022 00:00:00 GMT+0000 (Coordinated Universal Time)
3335	747	3207	Fri Apr 01 2022 00:00:00 GMT+0000 (Coordinated Universal Time)
3336	747	3208	Fri Apr 01 2022 00:00:00 GMT+0000 (Coordinated Universal Time)
3337	747	3211	Fri Apr 01 2022 00:00:00 GMT+0000 (Coordinated Universal Time)
3338	747	3212	Fri Apr 01 2022 00:00:00 GMT+0000 (Coordinated Universal Time)
3339	747	3215	Fri Apr 01 2022 00:00:00 GMT+0000 (Coordinated Universal Time)
3340	747	3231	Fri Apr 01 2022 00:00:00 GMT+0000 (Coordinated Universal Time)
3341	747	3232	Fri Apr 01 2022 00:00:00 GMT+0000 (Coordinated Universal Time)
3342	747	3233	Fri Apr 01 2022 00:00:00 GMT+0000 (Coordinated Universal Time)
3343	747	3234	Fri Apr 01 2022 00:00:00 GMT+0000 (Coordinated Universal Time)
3344	747	3235	Fri Apr 01 2022 00:00:00 GMT+0000 (Coordinated Universal Time)
3345	747	3236	Fri Apr 01 2022 00:00:00 GMT+0000 (Coordinated Universal Time)
3346	747	3237	Fri Apr 01 2022 00:00:00 GMT+0000 (Coordinated Universal Time)
3347	747	3238	Fri Apr 01 2022 00:00:00 GMT+0000 (Coordinated Universal Time)
3348	747	3239	Fri Apr 01 2022 00:00:00 GMT+0000 (Coordinated Universal Time)
3349	747	3240	Fri Apr 01 2022 00:00:00 GMT+0000 (Coordinated Universal Time)
3350	747	3241	Fri Apr 01 2022 00:00:00 GMT+0000 (Coordinated Universal Time)
3351	747	3242	Fri Apr 01 2022 00:00:00 GMT+0000 (Coordinated Universal Time)
3352	747	3243	Fri Apr 01 2022 00:00:00 GMT+0000 (Coordinated Universal Time)
3353	747	3252	Fri Apr 01 2022 00:00:00 GMT+0000 (Coordinated Universal Time)
3354	747	3253	Fri Apr 01 2022 00:00:00 GMT+0000 (Coordinated Universal Time)
3355	747	3254	Fri Apr 01 2022 00:00:00 GMT+0000 (Coordinated Universal Time)
3356	747	3255	Fri Apr 01 2022 00:00:00 GMT+0000 (Coordinated Universal Time)
3357	747	3256	Fri Apr 01 2022 00:00:00 GMT+0000 (Coordinated Universal Time)
3358	747	3257	Fri Apr 01 2022 00:00:00 GMT+0000 (Coordinated Universal Time)
3359	747	3258	Fri Apr 01 2022 00:00:00 GMT+0000 (Coordinated Universal Time)
3360	747	3259	Fri Apr 01 2022 00:00:00 GMT+0000 (Coordinated Universal Time)
3361	747	3260	Fri Apr 01 2022 00:00:00 GMT+0000 (Coordinated Universal Time)
3362	747	3261	Fri Apr 01 2022 00:00:00 GMT+0000 (Coordinated Universal Time)
3363	747	3265	Fri Apr 01 2022 00:00:00 GMT+0000 (Coordinated Universal Time)
3364	747	3266	Fri Apr 01 2022 00:00:00 GMT+0000 (Coordinated Universal Time)
3365	747	3267	Fri Apr 01 2022 00:00:00 GMT+0000 (Coordinated Universal Time)
3366	747	3268	Fri Apr 01 2022 00:00:00 GMT+0000 (Coordinated Universal Time)
3367	747	3269	Fri Apr 01 2022 00:00:00 GMT+0000 (Coordinated Universal Time)
3368	747	3270	Fri Apr 01 2022 00:00:00 GMT+0000 (Coordinated Universal Time)
3369	747	3271	Fri Apr 01 2022 00:00:00 GMT+0000 (Coordinated Universal Time)
3370	747	3272	Fri Apr 01 2022 00:00:00 GMT+0000 (Coordinated Universal Time)
3371	747	3273	Fri Apr 01 2022 00:00:00 GMT+0000 (Coordinated Universal Time)
3372	747	3274	Fri Apr 01 2022 00:00:00 GMT+0000 (Coordinated Universal Time)
3373	747	3275	Fri Apr 01 2022 00:00:00 GMT+0000 (Coordinated Universal Time)
3374	747	3276	Fri Apr 01 2022 00:00:00 GMT+0000 (Coordinated Universal Time)
3375	747	3277	Fri Apr 01 2022 00:00:00 GMT+0000 (Coordinated Universal Time)
3376	747	3278	Fri Apr 01 2022 00:00:00 GMT+0000 (Coordinated Universal Time)
3377	747	3279	Fri Apr 01 2022 00:00:00 GMT+0000 (Coordinated Universal Time)
3378	747	3280	Fri Apr 01 2022 00:00:00 GMT+0000 (Coordinated Universal Time)
3379	747	3281	Fri Apr 01 2022 00:00:00 GMT+0000 (Coordinated Universal Time)
3380	747	3282	Fri Apr 01 2022 00:00:00 GMT+0000 (Coordinated Universal Time)
3381	747	3283	Fri Apr 01 2022 00:00:00 GMT+0000 (Coordinated Universal Time)
3382	747	3284	Fri Apr 01 2022 00:00:00 GMT+0000 (Coordinated Universal Time)
3383	747	3285	Fri Apr 01 2022 00:00:00 GMT+0000 (Coordinated Universal Time)
3384	747	3286	Fri Apr 01 2022 00:00:00 GMT+0000 (Coordinated Universal Time)
3385	747	3288	Fri Apr 01 2022 00:00:00 GMT+0000 (Coordinated Universal Time)
3386	747	3289	Fri Apr 01 2022 00:00:00 GMT+0000 (Coordinated Universal Time)
3387	747	3290	Fri Apr 01 2022 00:00:00 GMT+0000 (Coordinated Universal Time)
3388	747	3293	Fri Apr 01 2022 00:00:00 GMT+0000 (Coordinated Universal Time)
3390	747	3295	Fri Apr 01 2022 00:00:00 GMT+0000 (Coordinated Universal Time)
3391	747	3307	Fri Apr 01 2022 00:00:00 GMT+0000 (Coordinated Universal Time)
3392	747	3318	Fri Apr 01 2022 00:00:00 GMT+0000 (Coordinated Universal Time)
3395	747	3322	Fri Apr 01 2022 00:00:00 GMT+0000 (Coordinated Universal Time)
3396	747	3323	Fri Apr 01 2022 00:00:00 GMT+0000 (Coordinated Universal Time)
3397	747	3349	Fri Apr 01 2022 00:00:00 GMT+0000 (Coordinated Universal Time)
3398	747	3350	Fri Apr 01 2022 00:00:00 GMT+0000 (Coordinated Universal Time)
3399	747	3351	Fri Apr 01 2022 00:00:00 GMT+0000 (Coordinated Universal Time)
3402	747	3361	Fri Apr 01 2022 00:00:00 GMT+0000 (Coordinated Universal Time)
3404	747	3369	Fri Apr 01 2022 00:00:00 GMT+0000 (Coordinated Universal Time)
3405	747	3370	Fri Apr 01 2022 00:00:00 GMT+0000 (Coordinated Universal Time)
3406	747	3371	Fri Apr 01 2022 00:00:00 GMT+0000 (Coordinated Universal Time)
3407	747	3372	Fri Apr 01 2022 00:00:00 GMT+0000 (Coordinated Universal Time)
3408	747	3373	Fri Apr 01 2022 00:00:00 GMT+0000 (Coordinated Universal Time)
3409	747	3374	Fri Apr 01 2022 00:00:00 GMT+0000 (Coordinated Universal Time)
3410	747	3375	Fri Apr 01 2022 00:00:00 GMT+0000 (Coordinated Universal Time)
3411	747	3376	Fri Apr 01 2022 00:00:00 GMT+0000 (Coordinated Universal Time)
3412	747	3377	Fri Apr 01 2022 00:00:00 GMT+0000 (Coordinated Universal Time)
3413	747	3378	Fri Apr 01 2022 00:00:00 GMT+0000 (Coordinated Universal Time)
3414	747	3379	Fri Apr 01 2022 00:00:00 GMT+0000 (Coordinated Universal Time)
3415	747	3380	Fri Apr 01 2022 00:00:00 GMT+0000 (Coordinated Universal Time)
3416	747	3381	Fri Apr 01 2022 00:00:00 GMT+0000 (Coordinated Universal Time)
3417	747	3382	Fri Apr 01 2022 00:00:00 GMT+0000 (Coordinated Universal Time)
3418	747	3384	Fri Apr 01 2022 00:00:00 GMT+0000 (Coordinated Universal Time)
3419	747	3385	Fri Apr 01 2022 00:00:00 GMT+0000 (Coordinated Universal Time)
3420	747	3386	Fri Apr 01 2022 00:00:00 GMT+0000 (Coordinated Universal Time)
3421	747	3387	Fri Apr 01 2022 00:00:00 GMT+0000 (Coordinated Universal Time)
3422	2962	3389	Fri Apr 01 2022 00:00:00 GMT+0000 (Coordinated Universal Time)
3423	2962	3390	Fri Apr 01 2022 00:00:00 GMT+0000 (Coordinated Universal Time)
3424	2962	3391	Fri Apr 01 2022 00:00:00 GMT+0000 (Coordinated Universal Time)
3425	2962	3392	Fri Apr 01 2022 00:00:00 GMT+0000 (Coordinated Universal Time)
3426	2962	3393	Fri Apr 01 2022 00:00:00 GMT+0000 (Coordinated Universal Time)
3427	2962	3394	Fri Apr 01 2022 00:00:00 GMT+0000 (Coordinated Universal Time)
3428	2962	3395	Fri Apr 01 2022 00:00:00 GMT+0000 (Coordinated Universal Time)
3429	2962	3396	Fri Apr 01 2022 00:00:00 GMT+0000 (Coordinated Universal Time)
3430	2962	3397	Fri Apr 01 2022 00:00:00 GMT+0000 (Coordinated Universal Time)
3431	350	3398	Fri Apr 01 2022 00:00:00 GMT+0000 (Coordinated Universal Time)
3432	634	73	Fri Nov 25 2022 00:00:00 GMT+0000 (Coordinated Universal Time)
3433	634	567	Fri Nov 25 2022 00:00:00 GMT+0000 (Coordinated Universal Time)
3434	634	479	Fri Nov 25 2022 00:00:00 GMT+0000 (Coordinated Universal Time)
3435	344	3399	Mon Nov 28 2022 00:00:00 GMT+0000 (Coordinated Universal Time)
3436	344	3400	Mon Nov 28 2022 00:00:00 GMT+0000 (Coordinated Universal Time)
3437	581	3401	Mon Nov 28 2022 00:00:00 GMT+0000 (Coordinated Universal Time)
3438	338	3403	Mon Nov 28 2022 00:00:00 GMT+0000 (Coordinated Universal Time)
3439	578	3404	Mon Nov 28 2022 00:00:00 GMT+0000 (Coordinated Universal Time)
3440	352	3402	Mon Nov 28 2022 00:00:00 GMT+0000 (Coordinated Universal Time)
3441	608	3405	Mon Nov 28 2022 00:00:00 GMT+0000 (Coordinated Universal Time)
3442	344	3406	Mon Nov 28 2022 00:00:00 GMT+0000 (Coordinated Universal Time)
3443	687	3407	Mon Nov 28 2022 00:00:00 GMT+0000 (Coordinated Universal Time)
3444	345	3409	Mon Nov 28 2022 00:00:00 GMT+0000 (Coordinated Universal Time)
3445	345	3410	Mon Nov 28 2022 00:00:00 GMT+0000 (Coordinated Universal Time)
3446	687	3412	Mon Nov 28 2022 00:00:00 GMT+0000 (Coordinated Universal Time)
3447	352	3411	Mon Nov 28 2022 00:00:00 GMT+0000 (Coordinated Universal Time)
3448	603	3402	Fri Dec 09 2022 00:00:00 GMT+0000 (Coordinated Universal Time)
3451	584	3413	Tue Dec 13 2022 00:00:00 GMT+0000 (Coordinated Universal Time)
3452	352	3414	Fri Jan 13 2023 00:00:00 GMT+0000 (Coordinated Universal Time)
3453	578	3416	Fri Jan 13 2023 00:00:00 GMT+0000 (Coordinated Universal Time)
3454	345	3415	Fri Jan 13 2023 00:00:00 GMT+0000 (Coordinated Universal Time)
3455	345	3418	Sat Jan 14 2023 00:00:00 GMT+0000 (Coordinated Universal Time)
3456	344	3417	Sat Jan 14 2023 00:00:00 GMT+0000 (Coordinated Universal Time)
3457	628	3419	Tue Jan 17 2023 00:00:00 GMT+0000 (Coordinated Universal Time)
3458	344	3420	Wed Jan 25 2023 00:00:00 GMT+0000 (Coordinated Universal Time)
3459	338	3421	Wed Jan 25 2023 00:00:00 GMT+0000 (Coordinated Universal Time)
3460	609	3422	Fri Mar 24 2023 00:00:00 GMT+0000 (Coordinated Universal Time)
3461	578	3423	Fri Mar 24 2023 00:00:00 GMT+0000 (Coordinated Universal Time)
3462	401	3424	Mon Mar 27 2023 00:00:00 GMT+0000 (Coordinated Universal Time)
3463	2962	3425	Tue Mar 28 2023 00:00:00 GMT+0000 (Coordinated Universal Time)
3468	3428	3431	Tue Mar 28 2023 00:00:00 GMT+0000 (Coordinated Universal Time)
3469	3428	3430	Tue Mar 28 2023 00:00:00 GMT+0000 (Coordinated Universal Time)
3470	3428	3432	Tue Mar 28 2023 00:00:00 GMT+0000 (Coordinated Universal Time)
3471	3428	3429	Tue Mar 28 2023 00:00:00 GMT+0000 (Coordinated Universal Time)
3476	3433	3436	Wed Mar 29 2023 00:00:00 GMT+0000 (Coordinated Universal Time)
3477	3433	3438	Wed Mar 29 2023 00:00:00 GMT+0000 (Coordinated Universal Time)
3478	3433	3439	Wed Mar 29 2023 00:00:00 GMT+0000 (Coordinated Universal Time)
3479	3434	3435	Wed Mar 29 2023 00:00:00 GMT+0000 (Coordinated Universal Time)
3480	3434	3437	Wed Mar 29 2023 00:00:00 GMT+0000 (Coordinated Universal Time)
3481	3434	3440	Wed Mar 29 2023 00:00:00 GMT+0000 (Coordinated Universal Time)
3482	709	3434	Wed Mar 29 2023 00:00:00 GMT+0000 (Coordinated Universal Time)
3483	709	3433	Wed Mar 29 2023 00:00:00 GMT+0000 (Coordinated Universal Time)
3485	634	195	Fri Mar 31 2023 00:00:00 GMT+0000 (Coordinated Universal Time)
3486	608	3441	Fri Mar 31 2023 00:00:00 GMT+0000 (Coordinated Universal Time)
3487	706	3442	Fri Apr 07 2023 00:00:00 GMT+0000 (Coordinated Universal Time)
3488	706	3443	Fri Apr 07 2023 00:00:00 GMT+0000 (Coordinated Universal Time)
3489	706	3444	Fri Apr 07 2023 00:00:00 GMT+0000 (Coordinated Universal Time)
3490	346	3445	Fri May 19 2023 00:00:00 GMT+0000 (Coordinated Universal Time)
3492	346	3446	Fri May 19 2023 00:00:00 GMT+0000 (Coordinated Universal Time)
3493	609	3447	Wed Jun 28 2023 00:00:00 GMT+0000 (Coordinated Universal Time)
3494	348	3448	Wed Jun 28 2023 00:00:00 GMT+0000 (Coordinated Universal Time)
3495	604	3449	Wed Jun 28 2023 00:00:00 GMT+0000 (Coordinated Universal Time)
3496	628	3450	Fri Jul 21 2023 00:00:00 GMT+0000 (Coordinated Universal Time)
3497	747	3451	Tue Dec 19 2023 00:00:00 GMT+0000 (Coordinated Universal Time)
3500	313	3455	Fri Mar 01 2024 00:00:00 GMT+0000 (Coordinated Universal Time)
3501	313	3453	Fri Mar 01 2024 00:00:00 GMT+0000 (Coordinated Universal Time)
3502	313	3452	Fri Mar 01 2024 00:00:00 GMT+0000 (Coordinated Universal Time)
3503	313	3454	Fri Mar 01 2024 00:00:00 GMT+0000 (Coordinated Universal Time)
3505	747	3457	Fri Mar 01 2024 00:00:00 GMT+0000 (Coordinated Universal Time)
3506	747	3458	Fri Mar 01 2024 00:00:00 GMT+0000 (Coordinated Universal Time)
3507	747	3459	Fri Mar 01 2024 00:00:00 GMT+0000 (Coordinated Universal Time)
3508	747	3460	Fri Mar 01 2024 00:00:00 GMT+0000 (Coordinated Universal Time)
3509	747	3461	Fri Mar 01 2024 00:00:00 GMT+0000 (Coordinated Universal Time)
3511	747	3463	Fri Mar 01 2024 00:00:00 GMT+0000 (Coordinated Universal Time)
3514	747	3466	Fri Mar 01 2024 00:00:00 GMT+0000 (Coordinated Universal Time)
3515	747	3467	Fri Mar 01 2024 00:00:00 GMT+0000 (Coordinated Universal Time)
3516	385	313	Fri Mar 22 2024 00:00:00 GMT+0000 (Coordinated Universal Time)
3517	747	3468	Wed Apr 10 2024 00:00:00 GMT+0000 (Coordinated Universal Time)
3518	346	3469	Wed May 01 2024 00:00:00 GMT+0000 (Coordinated Universal Time)
3519	401	3470	Mon Jun 10 2024 00:00:00 GMT+0000 (Coordinated Universal Time)
3521	604	3472	Mon Jun 10 2024 00:00:00 GMT+0000 (Coordinated Universal Time)
3522	345	3473	Mon Jun 10 2024 00:00:00 GMT+0000 (Coordinated Universal Time)
3523	345	3474	Mon Jun 10 2024 00:00:00 GMT+0000 (Coordinated Universal Time)
3526	608	3475	Mon Jun 10 2024 00:00:00 GMT+0000 (Coordinated Universal Time)
3527	608	3471	Mon Jun 10 2024 00:00:00 GMT+0000 (Coordinated Universal Time)
3528	2060	3428	Mon Jul 22 2024 00:00:00 GMT+0000 (Coordinated Universal Time)
